study,pval,tstat,tcrit,mui,muin,yi,vi,N,hack,signif,affirm,Di
1,0.120047910204962,1.58215622479224,2.00957523712924,0.490500596993279,1.13682409542645,1.89560039017356,1.43547241206282,20,no,FALSE,FALSE,1
2,0.883851427688578,-0.146851951892318,2.00957523712924,0.475168509421484,0.105403674151664,-0.133685868294242,0.828727128204889,20,no,FALSE,FALSE,1
3,0.0151647913937585,2.51680758064961,2.00957523712924,0.589546402386708,0.444422345754124,2.37705553372009,0.892028292752551,20,no,TRUE,TRUE,1
4,0.618001526312939,0.5018774045422,2.00957523712924,1.24631253769884,1.58591275781535,0.545238050916559,1.18025820026661,20,no,FALSE,FALSE,1
5,0.385472032304101,0.875688415028914,2.00957523712924,0.678042937801697,0.393875410146531,0.799886741316134,0.834368284860513,20,no,FALSE,FALSE,1
6,0.227639930949866,1.2217701664399,2.00957523712924,0.700831812176626,0.725099560675561,1.16049624577798,0.902211684473977,20,no,FALSE,FALSE,1
7,0.000951596581424334,3.51698865255349,2.00957523712924,1.38137168389222,1.44124678365087,2.90186183118215,0.680787426523323,20,no,TRUE,TRUE,1
8,0.00468279137562189,2.9636292668772,2.00957523712924,1.37928311775713,2.2013501233346,3.11510141916141,1.10483298432237,20,no,TRUE,TRUE,1
9,0.0047688718329688,2.95699790506984,2.00957523712924,0.898498329433418,0.617646925509091,2.88497561974716,0.95188012965127,20,no,TRUE,TRUE,1
10,0.671670815924486,0.426418055819987,2.00957523712924,1.07256241534706,1.15654192205477,0.411791781232321,0.932575877300085,20,no,FALSE,FALSE,1
11,0.946883135128366,-0.0669636461115066,2.00957523712924,0.89318793724313,0.211091635301207,-0.0635865894589189,0.90168091663085,20,no,FALSE,FALSE,1
12,0.191356718703904,1.32487934228982,2.00957523712924,0.786250068937749,0.213025111032848,1.28863448242712,0.946034206210562,20,no,FALSE,FALSE,1
13,0.0313799552926746,2.21582393226128,2.00957523712924,0.941643752434821,0.997454108400208,2.02347763183886,0.833923703520241,20,no,TRUE,TRUE,1
14,0.622109820839341,0.496003077812812,2.00957523712924,1.10374973083178,1.01797050883162,0.489344797353463,0.973332461784767,20,no,FALSE,FALSE,1
15,0.923299404284888,0.0967755308357047,2.00957523712924,0.849213515750243,0.710442663202713,0.0960933390131656,0.985951255297676,20,no,FALSE,FALSE,1
16,0.487709972865834,0.699237065347567,2.00957523712924,0.868159218877766,0.614066616258116,0.704644162512372,1.01552550222667,20,no,FALSE,FALSE,1
17,0.70246151603931,0.384242091478269,2.00957523712924,0.696564984193167,0.322830867438024,0.360971217451088,0.882541777994272,20,no,FALSE,FALSE,1
18,0.519460821325859,0.648856479910659,2.00957523712924,0.618684331407004,1.20210350282349,0.611042745258152,0.886841263684053,20,no,FALSE,FALSE,1
19,0.0969453815523619,1.69226784257822,2.00957523712924,0.666740199185363,0.872262490101446,1.76533184311646,1.08821449540631,20,no,FALSE,FALSE,1
20,0.0784283627227111,1.79744681667016,2.00957523712924,1.41745429428404,1.80916700943454,1.64326331848411,0.835799723836167,20,no,FALSE,FALSE,1
21,0.296531516260646,1.05515037788332,2.00957523712924,1.30266791526815,1.53465841797005,0.964052820274213,0.834781741093469,20,no,FALSE,FALSE,1
22,0.958655776048565,-0.0521063810849006,2.00957523712924,0.689960037130513,1.06237907554534,-0.0510830422541335,0.961106877054559,20,no,FALSE,FALSE,1
23,0.0152118799268091,2.51557008960597,2.00957523712924,0.495374354147825,0.500774832989999,2.53171600394443,1.01287797927569,20,no,TRUE,TRUE,1
24,0.689225650332137,-0.402282538587195,2.00957523712924,0.595542806799313,1.10677421668257,-0.305232345798875,0.575703334110855,20,no,FALSE,FALSE,1
25,0.724511553347548,0.35446480709368,2.00957523712924,1.26751131547216,0.706974101598756,0.349832159794675,0.974031981656545,20,no,FALSE,FALSE,1
26,0.426779347343255,-0.801382539713901,2.00957523712924,0.796753247622323,0.916507100724879,-0.779661425111864,0.94652555302449,20,no,FALSE,FALSE,1
27,0.483109353600787,-0.706685037399556,2.00957523712924,0.841093568373066,0.642222328930281,-0.760571478187481,1.15831926092079,20,no,FALSE,FALSE,1
28,0.580683765399444,0.55608437836141,2.00957523712924,0.91622517708774,1.19953486769676,0.629649596164091,1.2820839646669,20,no,FALSE,FALSE,1
29,0.803181877288101,-0.250586126489898,2.00957523712924,1.3076073720819,1.16905683194824,-0.298192658594267,1.41605410800541,20,no,FALSE,FALSE,1
30,0.0452993362595278,2.05431347234482,2.00957523712924,0.888833160932204,0.719996152185227,1.79961448229245,0.767406600634105,20,no,TRUE,TRUE,1
31,0.0632243850113246,1.90075765837947,2.00957523712924,0.569956214158147,0.847323607434957,1.92272958539863,1.02325274855945,20,no,FALSE,FALSE,1
32,0.100267106012221,1.67519541207016,2.00957523712924,1.03532671354818,1.09364100269427,1.79187129111884,1.14414923068369,20,no,FALSE,FALSE,1
33,0.0492047811323219,2.01688029782324,2.00957523712924,1.04100863154693,0.931970513406114,1.78299255732415,0.78151769120361,20,no,TRUE,TRUE,1
34,0.286105085395093,-1.07846887445263,2.00957523712924,0.405008963314515,0.400778059706645,-1.03293129528866,0.917334316610686,20,no,FALSE,FALSE,1
35,0.29935405697951,1.04893554906315,2.00957523712924,1.08190335415384,0.77256726824189,0.981938933349562,0.876337409577694,20,no,FALSE,FALSE,1
36,0.0880975355092918,1.74022250541937,2.00957523712924,1.26354981169574,1.52236149515397,1.70311002259125,0.957802238503898,20,no,FALSE,FALSE,1
37,0.000933596850242725,3.52334715092927,2.00957523712924,1.23533374279792,1.8232668521159,3.21851598929191,0.834450291025249,20,no,TRUE,TRUE,1
38,0.0293104965181512,2.24506329312556,2.00957523712924,0.880842064451862,0.852004283915658,2.40006230334673,1.14284636966612,20,no,TRUE,TRUE,1
39,0.140989739735929,1.4962981590288,2.00957523712924,0.936456921050396,0.717211217580431,1.68194285223295,1.26353183330485,20,no,FALSE,FALSE,1
40,0.0143270742514498,2.53942709537671,2.00957523712924,1.71289000131408,1.99214949874766,2.52156539857942,0.985981972493231,20,no,TRUE,TRUE,1
41,0.507952297656069,-0.666919081179728,2.00957523712924,0.952363609985716,0.88700222391489,-0.663375104025262,0.989400330598238,20,no,FALSE,FALSE,1
42,0.554429427202638,0.595229235934634,2.00957523712924,0.684416274658429,0.165474347278137,0.501689781383151,0.710398444404605,20,no,FALSE,FALSE,1
43,0.462318393242236,0.740852743585443,2.00957523712924,0.638553265942421,0.54159707293303,0.795488040651002,1.15293154687311,20,no,FALSE,FALSE,1
44,0.679966057291122,0.414982616263176,2.00957523712924,1.22945817133697,1.16993361154164,0.435344806188638,1.10054277326736,20,no,FALSE,FALSE,1
45,0.144460003029007,-1.48306868078512,2.00957523712924,0.591196214336032,0.687854352483052,-1.40860606025166,0.902103936157401,20,no,FALSE,FALSE,1
46,0.328313596634921,0.987366621457873,2.00957523712924,1.13080103098441,1.1674131416577,1.02914237461841,1.08641070911898,20,no,FALSE,FALSE,1
47,0.570456604563211,-0.571227085774499,2.00957523712924,1.22210605593963,0.763201196456699,-0.520098038398752,0.828996787028412,20,no,FALSE,FALSE,1
48,0.182068557951464,1.35362114326508,2.00957523712924,0.612167169558492,0.659928250711618,1.43672589642385,1.12655806488769,20,no,FALSE,FALSE,1
49,0.000543854130623074,3.70109663448589,2.00957523712924,1.61548515861801,1.54273853147072,3.26497130371305,0.778211936759477,20,no,TRUE,TRUE,1
50,0.123224421884441,1.5683968714528,2.00957523712924,1.07275352351905,1.2457087446552,1.62526246834808,1.07382887599391,20,no,FALSE,FALSE,1
51,0.49236157127821,-0.691746194473101,2.00957523712924,0.259981064846169,0.167489386849681,-0.648759367274056,0.879576719295596,20,no,FALSE,FALSE,1
52,0.504855465625063,0.671817111835693,2.00957523712924,0.793061053055947,0.392110531158124,0.629151010048089,0.877016316355799,20,no,FALSE,FALSE,1
53,0.187166012401542,1.33771268635114,2.00957523712924,0.537340866222672,0.257001339889194,1.76077565969647,1.73253637137943,20,no,FALSE,FALSE,1
54,0.0292001728628588,2.24667287770679,2.00957523712924,1.11797607140872,1.71007104334479,1.89117359917407,0.708570566458271,20,no,TRUE,TRUE,1
55,0.893362370751696,0.134748934395328,2.00957523712924,1.35773125452406,0.703837097412174,0.137410712109401,1.03989742232478,20,no,FALSE,FALSE,1
56,0.530480299253211,0.631759956776957,2.00957523712924,0.728731880284484,0.667476417857411,0.552972773824929,0.766131479202222,20,no,FALSE,FALSE,1
57,0.00769585751424113,2.77970464948459,2.00957523712924,1.26157597223903,1.58544452846207,2.77158949192575,0.994169659904924,20,no,TRUE,TRUE,1
58,0.505784853996353,0.670345459945902,2.00957523712924,1.33391134893721,0.946544223813806,0.648975760315699,0.937258973358364,20,no,FALSE,FALSE,1
59,0.873471838176875,0.160085503563663,2.00957523712924,1.44821500035592,1.4901681887919,0.138540829677023,0.748947810389621,20,no,FALSE,FALSE,1
60,0.678653310623945,0.416788598706536,2.00957523712924,1.40966549031291,1.3162972747498,0.4677911033149,1.25971486814737,20,no,FALSE,FALSE,1
61,0.0146218287565841,2.53133447150688,2.00957523712924,1.49788558812238,1.86788316726873,2.46234381459979,0.946233499151025,20,no,TRUE,TRUE,1
62,0.33572939600927,0.97219313197942,2.00957523712924,1.06257264001,0.79466336288873,0.9174104624393,0.890476125116808,20,no,FALSE,FALSE,1
63,0.690574466063723,-0.40043810145083,2.00957523712924,1.3025444225139,1.39445113405292,-0.337592249787243,0.710745548601004,20,no,FALSE,FALSE,1
64,0.0504379922355274,2.00559452149077,2.00957523712924,1.12728897157429,1.69651987566737,1.67398420430635,0.696652888433508,20,no,FALSE,FALSE,1
65,0.0756054974310955,1.81526625294786,2.00957523712924,1.02990495310189,1.46163517657329,1.96172747710641,1.16787586206876,20,no,FALSE,FALSE,1
66,0.502898011845951,0.674921491437446,2.00957523712924,1.17334465098993,1.19417255907513,0.60086230796772,0.792580545703757,20,no,FALSE,FALSE,1
67,0.84960498055078,-0.19062760121126,2.00957523712924,0.654167938428736,0.983852790961287,-0.192470714264755,1.01943079865116,20,no,FALSE,FALSE,1
68,0.299591039487529,1.04841558608062,2.00957523712924,1.52963103003619,1.32493386157824,0.847382752980034,0.653269381600523,20,no,FALSE,FALSE,1
69,0.23061424360574,1.21387415050409,2.00957523712924,1.22968824072449,1.09480493396396,1.36611374977432,1.26656183838238,20,no,FALSE,FALSE,1
70,0.352663003735642,0.938357963338185,2.00957523712924,0.550936439343159,0.578671997264974,0.869830546367967,0.859275090087973,20,no,FALSE,FALSE,1
71,0.601955974735025,-0.524992320695974,2.00957523712924,0.96951346322408,0.835652271753939,-0.524472943495804,0.99802236997138,20,no,FALSE,FALSE,1
72,0.109720161402879,1.62902834677468,2.00957523712924,1.2508844806204,0.519285562857127,1.75366639950696,1.15887522589041,20,no,FALSE,FALSE,1
73,0.783197143848226,0.276670134490414,2.00957523712924,0.630183844388572,0.455471862459003,0.29394978440764,1.12881229109828,20,no,FALSE,FALSE,1
74,0.553705248814718,0.596321900171166,2.00957523712924,0.86081370387261,0.760121910372571,0.606804211602997,1.03546554944502,20,no,FALSE,FALSE,1
75,0.0796837799448573,1.78969442744967,2.00957523712924,0.853551341708404,1.31464315564228,1.53930313546618,0.739759474878817,20,no,FALSE,FALSE,1
76,0.971901705945319,0.0354036545547232,2.00957523712924,1.70337853440534,1.63774793441642,0.0347461793038694,0.963203215685899,20,no,FALSE,FALSE,1
77,0.248545170170013,1.16778329672147,2.00957523712924,0.980860066656562,0.911798579750655,1.20819380007348,1.07040637619879,20,no,FALSE,FALSE,1
78,0.491695323119482,0.692816697982275,2.00957523712924,1.45659661412725,1.41682923984715,0.694558725755448,1.00503514960731,20,no,FALSE,FALSE,1
79,0.00096512669793328,3.51228420567861,2.00957523712924,1.19663100696561,1.75939906472509,3.57130703690484,1.03389176831764,20,no,TRUE,TRUE,1
80,0.111088515038493,1.62261742637503,2.00957523712924,1.03861128172193,0.747100934899916,1.54687989901675,0.90882637123681,20,no,FALSE,FALSE,1
81,0.259587407761729,1.14058382383891,2.00957523712924,0.997491045961162,0.726829304599098,1.17465816915735,1.06064143856853,20,no,FALSE,FALSE,1
82,0.682998626984551,0.41081586957637,2.00957523712924,1.31896862797352,1.21421453380907,0.46178529435388,1.26353062783203,20,no,FALSE,FALSE,1
83,0.00859795421400276,2.73773920840677,2.00957523712924,0.842624504669453,1.28946680068788,2.56050068102758,0.874713118466931,20,no,TRUE,TRUE,1
84,0.133273786599191,1.52666582065233,2.00957523712924,1.35468745614765,1.46911649664642,1.62887809807344,1.13838509902362,20,no,FALSE,FALSE,1
85,0.862268121137452,-0.174402017210646,2.00957523712924,0.961472587884487,0.74588384329512,-0.172043961856457,0.973141205698803,20,no,FALSE,FALSE,1
86,0.892870573700793,0.135374254954763,2.00957523712924,1.31293329306294,1.19194453952346,0.141243442449839,1.08859022129363,20,no,FALSE,FALSE,1
87,0.772356120465666,0.290899292300215,2.00957523712924,1.38007689155359,1.57732220957881,0.348560224897841,1.43572189961394,20,no,FALSE,FALSE,1
88,0.118030463981856,1.59104828013608,2.00957523712924,1.11480534365579,1.33179459991632,1.85976525415589,1.36631092897021,20,no,FALSE,FALSE,1
89,0.800174020591865,-0.254500440541412,2.00957523712924,0.633328194867026,0.354988054814272,-0.26105612122824,1.05218155702639,20,no,FALSE,FALSE,1
90,0.496625381041007,0.684914110493605,2.00957523712924,1.15658351430752,1.85351415976557,0.656781491714625,0.919537794922002,20,no,FALSE,FALSE,1
91,0.29961458033661,1.04836395058238,2.00957523712924,1.13256949811282,0.830745711846539,0.966694699038564,0.850265419858725,20,no,FALSE,FALSE,1
92,0.0358822158717144,2.15768074568197,2.00957523712924,0.924533949447301,0.82317540656069,1.77628498855419,0.677720962479154,20,no,TRUE,TRUE,1
93,0.377442936582979,0.890699780966682,2.00957523712924,1.52089050037898,1.83405952928155,0.908841558747023,1.04115086605868,20,no,FALSE,FALSE,1
94,0.754684425812616,0.314224636263238,2.00957523712924,0.488399644278287,0.330206961344054,0.314212234624767,0.999921066699998,20,no,FALSE,FALSE,1
95,0.225921164638818,1.22636763487044,2.00957523712924,1.48607497913251,1.20661403915166,1.36814481896226,1.24457988982034,20,no,FALSE,FALSE,1
96,0.450233772684446,0.76111854842216,2.00957523712924,0.907059367577828,0.975248915697076,0.697267447845549,0.839255448487559,20,no,FALSE,FALSE,1
97,0.13803553720246,1.5077651537568,2.00957523712924,1.10877171600385,1.64941546662077,1.52023047979717,1.01660318789682,20,no,FALSE,FALSE,1
98,0.0935905236101748,1.71000722699503,2.00957523712924,0.84655239886005,1.04101039231192,1.62604992976797,0.904215322722621,20,no,FALSE,FALSE,1
99,0.429774818946805,-0.796168131754202,2.00957523712924,1.63581875603923,1.39467738078996,-0.824400368807421,1.07217771099081,20,no,FALSE,FALSE,1
100,0.326500003153932,0.991112161960097,2.00957523712924,1.28908825661543,0.833988957102781,0.845371992725625,0.727528649543521,20,no,FALSE,FALSE,1
101,0.77784178184737,-0.283691887800161,2.00957523712924,0.495168762606816,0.894524229395677,-0.259004796008677,0.833531040476298,20,no,FALSE,FALSE,1
102,0.0742756806697385,1.82385533606551,2.00957523712924,1.59290914261839,1.32708251651975,2.26463642392384,1.54175796231911,20,no,FALSE,FALSE,1
103,0.164665263837098,1.41064952747635,2.00957523712924,1.08559198252663,1.11201104069026,1.10964035550806,0.618765698161256,20,no,FALSE,FALSE,1
104,0.00714138681069518,2.80781437300283,2.00957523712924,1.14246788709369,0.805677682778234,2.68691001113523,0.915734248826393,20,no,TRUE,TRUE,1
105,0.0820240082884779,1.77551227102365,2.00957523712924,1.19599714014457,1.22275645899539,1.82587048041232,1.05752971243227,20,no,FALSE,FALSE,1
106,0.982699562393331,-0.0217955456972276,2.00957523712924,0.743262010026483,0.611763020015146,-0.021730745163099,0.994062621280486,20,no,FALSE,FALSE,1
107,0.00150555681656053,3.36249960310248,2.00957523712924,0.993860657117978,1.12198720267655,3.66068602143633,1.18522411230919,20,no,TRUE,TRUE,1
108,0.23350427189759,1.20627304489829,2.00957523712924,0.925566656376856,1.12228663158029,1.13707169091028,0.888555271925063,20,no,FALSE,FALSE,1
109,0.761090487764124,-0.305749649976594,2.00957523712924,1.78755552509277,1.20043481242196,-0.354282053353834,1.34266098428984,20,no,FALSE,FALSE,1
110,0.431448412014531,0.793264278461667,2.00957523712924,1.50310642203387,1.42354254042437,0.854188243451212,1.15950168353866,20,no,FALSE,FALSE,1
111,0.114525414642193,1.60679378971744,2.00957523712924,0.832141453760773,0.562572900781774,1.55503638007455,0.936614374157399,20,no,FALSE,FALSE,1
112,0.118587978214922,1.58857878795791,2.00957523712924,1.17272874396291,1.29479625920037,1.73484519638359,1.19262507852977,20,no,FALSE,FALSE,1
113,0.971445452539623,0.0359787818184977,2.00957523712924,0.371879528850466,0.605328783897533,0.0405473860900303,1.27008508289035,20,no,FALSE,FALSE,1
114,0.539216055864545,0.618338408993134,2.00957523712924,1.01881605647392,1.05213942993456,0.676584269019553,1.19726791328569,20,no,FALSE,FALSE,1
115,0.865644429708364,-0.170083946301489,2.00957523712924,0.777865695589116,0.555246273821863,-0.163715315288713,0.926513965671937,20,no,FALSE,FALSE,1
116,0.734452280515873,0.341145929790166,2.00957523712924,0.77167131308035,0.794770300584631,0.391527409259918,1.3171764375101,20,no,FALSE,FALSE,1
117,0.0886865306759585,1.7369089935762,2.00957523712924,0.956315677716204,1.24874905775963,2.04899206545773,1.39163846906652,20,no,FALSE,FALSE,1
118,0.028329923438873,2.25956215718251,2.00957523712924,1.03326072810655,1.57711787012399,2.14608942871985,0.902084135859798,20,no,TRUE,TRUE,1
119,0.212007149917126,1.26457048324777,2.00957523712924,0.790880389716824,0.492304451262795,1.14814873350919,0.82434730225346,20,no,FALSE,FALSE,1
120,0.898392100211312,-0.128356666966631,2.00957523712924,1.52423162057057,1.08568739637833,-0.130190243877848,1.02877409162586,20,no,FALSE,FALSE,1
121,0.576679546122621,-0.561997587964437,2.00957523712924,0.934187706956668,0.973215856360401,-0.575684468142588,1.04930108421889,20,no,FALSE,FALSE,1
122,0.393644412082045,0.860610062876658,2.00957523712924,1.07316405657072,1.25878256430095,0.892565179747118,1.07564024026567,20,no,FALSE,FALSE,1
123,0.754020501402557,0.315104289346942,2.00957523712924,0.800627828310829,0.68278235012209,0.329671497408707,1.09459679298773,20,no,FALSE,FALSE,1
124,0.385802280311796,0.87507522348737,2.00957523712924,1.0706315955448,1.18760791202252,0.829085615219368,0.897651963284616,20,no,FALSE,FALSE,1
125,0.43270049407433,-0.791096189093233,2.00957523712924,1.00173652419525,1.73868496362884,-0.642889686724529,0.660411052405415,20,no,FALSE,FALSE,1
126,0.0018597785745104,3.29015426640445,2.00957523712924,0.92273348165188,0.869657156479765,3.1857118809398,0.937519841374974,20,no,TRUE,TRUE,1
127,0.195634352305721,1.31199778366337,2.00957523712924,0.927543551063287,0.902524375443862,1.3375150403164,1.03927659268244,20,no,FALSE,FALSE,1
128,0.303041090218977,-1.04087763054043,2.00957523712924,0.293364610318547,0.364102565885983,-1.14988374605838,1.22041776217452,20,no,FALSE,FALSE,1
129,0.923992490894945,0.0958982890107551,2.00957523712924,0.291394727315144,0.445833879183482,0.0993147997913689,1.07252203988022,20,no,FALSE,FALSE,1
130,0.813336612308676,-0.237399603055199,2.00957523712924,0.981783175852559,1.27256261438395,-0.236645973163553,0.993661036705908,20,no,FALSE,FALSE,1
131,0.411783578188011,0.827824677135045,2.00957523712924,0.459606416447404,0.349925426993258,1.00125061526278,1.46288051430758,20,no,FALSE,FALSE,1
132,0.706435590619134,0.378850448593028,2.00957523712924,0.883072917019828,0.898422387683498,0.425053008513665,1.25878215409159,20,no,FALSE,FALSE,1
133,0.643356427397756,0.465893076549169,2.00957523712924,0.665019147030143,1.2943953016817,0.449794889781021,0.932087150146518,20,no,FALSE,FALSE,1
134,0.424593923582992,0.80520073268128,2.00957523712924,0.334908775037119,0.34724577993495,0.688604048580983,0.731359354680729,20,no,FALSE,FALSE,1
135,0.456119158105514,0.751209932518773,2.00957523712924,0.954643276682564,0.730542159951095,0.735003426707311,0.957317690864938,20,no,FALSE,FALSE,1
136,0.703674273521425,0.382595540770534,2.00957523712924,1.0915522175455,0.969421808285861,0.375428677530201,0.962886459145897,20,no,FALSE,FALSE,1
137,0.697696997741862,0.390721161090024,2.00957523712924,0.0897333112569169,0.428185669036919,0.388594837967891,0.989145520859475,20,no,FALSE,FALSE,1
138,0.0835133795423204,1.76666167864184,2.00957523712924,1.03450357738011,1.91131616241019,1.69984446286135,0.925788096434099,20,no,FALSE,FALSE,1
139,0.778356731633252,0.283016090656529,2.00957523712924,1.39592088812023,1.64666291893992,0.30423739598741,1.15558776511325,20,no,FALSE,FALSE,1
140,0.774078168482975,0.288635117947395,2.00957523712924,0.6081819361272,0.538525442984079,0.287869958018532,0.994705109132872,20,no,FALSE,FALSE,1
141,0.220821971309022,1.24016063620724,2.00957523712924,1.0837673972592,1.04468602693349,1.10234326818089,0.790092290122684,20,no,FALSE,FALSE,1
142,0.817754851773399,-0.231675504091308,2.00957523712924,1.39497928026249,1.51561576936158,-0.221486549603923,0.91397534782171,20,no,FALSE,FALSE,1
143,0.0422628871664636,2.08540724660324,2.00957523712924,0.881122605223844,0.481097405771719,1.90134288506909,0.831264303194909,20,no,TRUE,TRUE,1
144,0.22971952318639,1.21624150221173,2.00957523712924,1.18467767288244,1.12905263762743,1.20389013017291,0.97979240850953,20,no,FALSE,FALSE,1
145,0.16874279840704,1.396885245345,2.00957523712924,1.13468246091246,1.45271368769737,1.17237641411621,0.704389194524991,20,no,FALSE,FALSE,1
146,0.378257695890995,-0.889167324308676,2.00957523712924,0.598904510569432,-0.0973302489975129,-0.67725116325412,0.580139625326499,20,no,FALSE,FALSE,1
147,0.00224572400024479,3.22489926969124,2.00957523712924,1.28424782317922,1.17981621781806,3.07834122356463,0.911173768750361,20,no,TRUE,TRUE,1
148,0.818493411693315,-0.230719414128502,2.00957523712924,0.761041389608228,0.464306117404533,-0.21366979603529,0.857665598161171,20,no,FALSE,FALSE,1
149,0.579300384249486,0.558125040245863,2.00957523712924,1.11628637224608,0.796952867763583,0.574679457551038,1.06020129705301,20,no,FALSE,FALSE,1
150,0.219373108620555,1.24412257665863,2.00957523712924,1.57130488845893,1.07441538155416,1.39344864011746,1.25445645290379,20,no,FALSE,FALSE,1
151,0.00585952757567832,2.88144019526291,2.00957523712924,1.33767919196534,1.39594097496111,3.16242998620284,1.20454386041808,20,no,TRUE,TRUE,1
152,0.962524932038144,0.0472261676741453,2.00957523712924,1.07746725712692,1.21629530666863,0.0522711875851178,1.22506554373396,20,no,FALSE,FALSE,1
153,0.058539967644669,1.93685618371139,2.00957523712924,0.994831290250842,1.4926311719807,1.99912916216263,1.06533687547646,20,no,FALSE,FALSE,1
154,0.178937344184398,1.36356273405434,2.00957523712924,1.0776762266459,1.22999089640294,1.42685337446366,1.09498569689805,20,no,FALSE,FALSE,1
155,0.713122473720032,0.369803459811191,2.00957523712924,0.869582666269779,0.490151918769809,0.365151699573116,0.97500021779901,20,no,FALSE,FALSE,1
156,0.434288262309062,0.788352205655876,2.00957523712924,1.0883906153603,1.27079230647145,0.910244082215293,1.33313814240042,20,no,FALSE,FALSE,1
157,0.415389382171942,0.821413837574721,2.00957523712924,0.935257896769996,0.641672525142886,0.719572763102376,0.767406375866165,20,no,FALSE,FALSE,1
158,0.0277114184059304,2.26893833202532,2.00957523712924,1.18018634625887,1.28213497242114,2.12602067522426,0.877990026924954,20,no,TRUE,TRUE,1
159,0.289006972642969,1.07192046647239,2.00957523712924,1.13897706562403,0.657108432978327,1.23541301882155,1.32830932367851,20,no,FALSE,FALSE,1
160,0.844555192696292,0.197112070122522,2.00957523712924,1.19498220361341,1.09870271007612,0.208124678023865,1.11486099133433,20,no,FALSE,FALSE,1
161,0.00425198078946553,2.99863002365019,2.00957523712924,1.21471187060709,1.3634258524866,2.72049010305163,0.823092284196853,20,no,TRUE,TRUE,1
162,0.267374029630611,1.12189686678624,2.00957523712924,0.966140311165937,0.566098515188458,1.14340921290792,1.03871763284302,20,no,FALSE,FALSE,1
163,0.435255454605855,0.786683630467098,2.00957523712924,0.534926860415099,0.689928241328285,0.869208777889214,1.22080972517379,20,no,FALSE,FALSE,1
164,0.15170603007324,1.45623407590915,2.00957523712924,1.23133218389973,0.982897966946703,1.40022673981195,0.924558414195172,20,no,FALSE,FALSE,1
165,0.0335061030523426,2.1875085373481,2.00957523712924,0.920156448697996,0.940416420698467,2.0240005513868,0.856094564529832,20,no,TRUE,TRUE,1
166,0.282136138393032,1.08750056634102,2.00957523712924,1.25457625757073,1.85579387621309,1.01154128587189,0.865183528432016,20,no,FALSE,FALSE,1
167,0.337642737007204,0.968314468256352,2.00957523712924,0.915232769970681,1.24100822621781,0.831268655842118,0.73697026974262,20,no,FALSE,FALSE,1
168,1.72117620593272e-05,4.76535217857835,2.00957523712924,1.20960652828826,1.55704606161306,4.37096618135695,0.841327119202812,20,no,TRUE,TRUE,1
169,0.319471833549846,1.00576046039421,2.00957523712924,0.693291077433893,0.892656496070081,1.1420067371434,1.2892828796012,20,no,FALSE,FALSE,1
170,0.0222645781868749,2.36068674456671,2.00957523712924,0.956901683483578,0.94248558096996,2.36390298358373,1.00272668955615,20,no,TRUE,TRUE,1
171,0.0256813607445991,2.30107892612198,2.00957523712924,1.40438951658502,1.67960174056013,2.80743990436584,1.4885310802554,20,no,TRUE,TRUE,1
172,0.0280076853212366,2.26442414794909,2.00957523712924,0.930178042514863,0.942799223605642,2.53958951926039,1.25779972962845,20,no,TRUE,TRUE,1
173,0.0344903556581956,2.17493397644423,2.00957523712924,0.588888580888943,0.48574849884491,2.34410829137266,1.16161760783444,20,no,TRUE,TRUE,1
174,0.482923421147873,-0.706986875982034,2.00957523712924,0.546742080854148,0.557988429985204,-0.731984960830968,1.07196748535281,20,no,FALSE,FALSE,1
175,0.409331094382261,0.832204632629235,2.00957523712924,0.850769211444663,0.796256069019261,0.831733332218512,0.998867665626826,20,no,FALSE,FALSE,1
176,0.139027324084931,1.50389391573795,2.00957523712924,1.32713110692439,1.31421504185544,1.65733547602243,1.21446904233208,20,no,FALSE,FALSE,1
177,0.652725694183257,-0.452751987180558,2.00957523712924,0.452187171947808,0.436077122906878,-0.41650046222104,0.846272532332977,20,no,FALSE,FALSE,1
178,0.0508045556579375,2.00228587566267,2.00957523712924,0.978278739354113,1.19365039413794,2.12554300324266,1.1269058259719,20,no,FALSE,FALSE,1
179,0.198103882584783,1.30465778360423,2.00957523712924,1.2938433187062,1.42598222258982,1.35648198565652,1.08102277060489,20,no,FALSE,FALSE,1
180,0.33879029332621,0.965995160417356,2.00957523712924,0.849002084109162,0.943109230272188,1.1236236373874,1.35298141890525,20,no,FALSE,FALSE,1
181,0.880282101199508,-0.151399619176092,2.00957523712924,0.716870299138775,0.562406443805528,-0.134238114212841,0.786144027836571,20,no,FALSE,FALSE,1
182,0.167661688612305,1.40050935912169,2.00957523712924,1.22246900918619,0.980272205212088,1.30208688304636,0.864386343952088,20,no,FALSE,FALSE,1
183,0.128621866833817,1.5456581713463,2.00957523712924,0.793641203646746,0.970260469326665,1.57099467695516,1.03305279875247,20,no,FALSE,FALSE,1
184,0.787288938855056,-0.271314492768183,2.00957523712924,0.996304057854837,0.618498945525681,-0.268771498587849,0.981342120108505,20,no,FALSE,FALSE,1
185,0.0183398563322353,2.44025685516386,2.00957523712924,0.700106502768909,0.937003663815364,2.53417872556497,1.07845840244895,20,no,TRUE,TRUE,1
186,0.195410799022352,1.31266568112512,2.00957523712924,1.291935320167,1.23848252984495,1.48607635564862,1.28166341231219,20,no,FALSE,FALSE,1
187,0.182288212758917,-1.35292866521482,2.00957523712924,0.425881277658679,0.474008820857046,-1.21760045389784,0.809952976302331,20,no,FALSE,FALSE,1
188,0.67512066563878,0.421655450142158,2.00957523712924,1.05429306624344,2.22431485852215,0.428837561329742,1.03435638312826,20,no,FALSE,FALSE,1
189,0.316305115838151,1.01243160851381,2.00957523712924,1.05261800324411,1.08654418062224,1.16574586289505,1.32579499336114,20,no,FALSE,FALSE,1
190,0.0322217539737757,2.20441627402964,2.00957523712924,1.08265719781942,1.38672515865562,2.48902206917667,1.27488284615335,20,no,TRUE,TRUE,1
191,0.159604827163708,1.42810472248217,2.00957523712924,1.56374919627249,1.70636546242007,1.42098859749425,0.990058998682866,20,no,FALSE,FALSE,1
192,0.145906424689793,1.47762866887182,2.00957523712924,1.63591678868428,2.01914830869451,1.39510447383793,0.891420968304354,20,no,FALSE,FALSE,1
193,0.0529578559043129,1.98325572212259,2.00957523712924,0.995153816243341,1.23913978942869,1.91948388048775,0.936723696224234,20,no,FALSE,FALSE,1
194,0.00970331940320159,2.69152931228372,2.00957523712924,1.43716219596843,1.27757965611592,2.69687939288864,1.00397944609787,20,no,TRUE,TRUE,1
195,0.00391024135030228,3.02883767676815,2.00957523712924,1.05192300384668,1.44608395102553,2.66254383265767,0.772754484985964,20,no,TRUE,TRUE,1
196,0.000346719027567816,3.84624582163309,2.00957523712924,1.47823452855705,1.34181893315886,3.5131348767119,0.834287184210977,20,no,TRUE,TRUE,1
197,0.0238118153779156,2.33274850713212,2.00957523712924,0.890341664405111,0.780482835494735,2.22503468199649,0.909782815246168,20,no,TRUE,TRUE,1
198,0.171186740617168,1.38875831107386,2.00957523712924,1.23576585142526,1.20143548251085,1.43099377741914,1.06174970381321,20,no,FALSE,FALSE,1
199,0.00775676177705301,2.77673203709513,2.00957523712924,1.48284745278335,1.64681320093858,2.26838018935392,0.667365496491662,20,no,TRUE,TRUE,1
200,0.178377671165185,1.36535370920542,2.00957523712924,1.79574916635472,1.67462372898489,1.36134311980645,0.994133829175281,20,no,FALSE,FALSE,1
201,0.446947185804054,-0.766684743315462,2.00957523712924,0.771898876016793,1.3171296323403,-0.742940225677689,0.939018404950268,20,no,FALSE,FALSE,1
202,0.660345136589497,0.442123530021625,2.00957523712924,0.791420477304951,0.300397852987272,0.449772923311987,1.03490230985329,20,no,FALSE,FALSE,1
203,0.471827304500595,0.72511987818954,2.00957523712924,0.702495399860321,1.19802565598711,0.609770643718284,0.707153023644568,20,no,FALSE,FALSE,1
204,0.490548220455959,-0.694661703765229,2.00957523712924,0.674672001292236,0.774994731776557,-0.690034678297945,0.986722701076601,20,no,FALSE,FALSE,1
205,0.0529913540184613,1.9829649849413,2.00957523712924,1.04440418482842,1.01965865213635,1.90237352311783,0.920367966742969,20,no,FALSE,FALSE,1
206,0.63127696554123,0.482957272827734,2.00957523712924,0.426824222767105,0.645087132323224,0.476061631243395,0.971647952546241,20,no,FALSE,FALSE,1
207,0.293085770402379,1.06279297606364,2.00957523712924,1.47193226538515,0.79831560259784,1.0051636086303,0.894491385918872,20,no,FALSE,FALSE,1
208,0.436036314345212,0.785338119982411,2.00957523712924,0.684083544283924,0.394426755216437,0.84140448382034,1.14787946645308,20,no,FALSE,FALSE,1
209,0.404569271195877,0.840755123865382,2.00957523712924,1.0735062601348,1.07811478847485,0.862435616521926,1.05223882363659,20,no,FALSE,FALSE,1
210,0.072100378492561,1.83818875932455,2.00957523712924,1.39782300886243,1.56942282720567,1.72052547748935,0.876076445687321,20,no,FALSE,FALSE,1
211,0.130814121088006,1.53664062769802,2.00957523712924,1.11099045161369,1.31516140598912,1.38616392426964,0.813737931989362,20,no,FALSE,FALSE,1
212,0.205587297296605,1.28282807977301,2.00957523712924,1.26794557348264,1.34199789452503,1.24253296004552,0.938164338463924,20,no,FALSE,FALSE,1
213,0.030614310606391,2.22643704772444,2.00957523712924,1.37858371212434,1.52567559802306,2.44037709482382,1.20141497295502,20,no,TRUE,TRUE,1
214,0.204908293712054,1.28478393608652,2.00957523712924,0.729385877431172,0.933034802761719,1.2020005986572,0.875284367630785,20,no,FALSE,FALSE,1
215,0.776659277672614,0.285244253813899,2.00957523712924,0.945820255831719,0.865161055122022,0.304184107686672,1.13720623399675,20,no,FALSE,FALSE,1
216,0.412804267957872,0.826006504338196,2.00957523712924,0.917287888970762,0.840382211716242,0.925506920935564,1.2554297246933,20,no,FALSE,FALSE,1
217,0.382018892183042,0.882120004649893,2.00957523712924,1.2265306522,0.811563192686975,0.91830520337461,1.08372414184747,20,no,FALSE,FALSE,1
218,0.789076084528374,0.268977840002726,2.00957523712924,0.387423772396057,0.944557097942365,0.23402258623012,0.756976758619598,20,no,FALSE,FALSE,1
219,0.317161807250513,1.01062242802054,2.00957523712924,1.03297329452335,0.951318353836883,1.06914408543264,1.1191662669686,20,no,FALSE,FALSE,1
220,0.0973288830620465,1.69027241507345,2.00957523712924,0.480258403381626,0.795577795558258,1.66880162088968,0.974756226368319,20,no,FALSE,FALSE,1
221,0.158235246595489,1.43290289855442,2.00957523712924,0.866099511926926,0.8917698517899,1.63477683678568,1.30161764906673,20,no,FALSE,FALSE,1
222,0.486506990983826,0.70118078316489,2.00957523712924,0.886546898258059,0.590133910775739,0.749392981712536,1.14224491321861,20,no,FALSE,FALSE,1
223,0.901785937480821,-0.124046487028075,2.00957523712924,1.12445390427591,1.18766019947625,-0.116800310026972,0.886582290039885,20,no,FALSE,FALSE,1
224,0.440603010852199,-0.777497666885787,2.00957523712924,1.31246098071933,0.986550553102136,-0.647541100412843,0.69364376837222,20,no,FALSE,FALSE,1
225,0.46153482148089,0.742157431191818,2.00957523712924,1.08384067419659,0.974782848350892,0.758806031283469,1.04536864003986,20,no,FALSE,FALSE,1
226,0.032946763049171,2.19480037096515,2.00957523712924,1.15149092537356,1.38080029039523,2.06489300342265,0.885125913502262,20,no,TRUE,TRUE,1
227,0.442108146784452,0.774924077768439,2.00957523712924,0.982041483763146,0.782230166740356,0.745405118742806,0.925265632422152,20,no,FALSE,FALSE,1
228,0.164649504718089,1.41070323467231,2.00957523712924,1.04937596128616,1.37348488643049,1.15314288833518,0.668182236171723,20,no,FALSE,FALSE,1
229,0.36385870461732,0.916567158193062,2.00957523712924,1.13555272438647,1.08933964917786,0.916709760698176,1.00031119072317,20,no,FALSE,FALSE,1
230,0.0576594721346522,1.94391557078963,2.00957523712924,1.57835042391232,1.73838865621689,1.7962504541161,0.853844892485384,20,no,FALSE,FALSE,1
231,0.0831068467953372,1.76906433318807,2.00957523712924,1.32748509592886,0.952366036197846,2.07434628220451,1.37491313648366,20,no,FALSE,FALSE,1
232,0.102330772577877,1.66482173117787,2.00957523712924,0.859561695182229,1.07850020134401,1.32576193250773,0.634155286248176,20,no,FALSE,FALSE,1
233,0.271318322356775,1.11257808355462,2.00957523712924,0.9997047024244,1.18117907526001,1.33765283371182,1.44552573058714,20,no,FALSE,FALSE,1
234,0.756783507118469,0.311445125930656,2.00957523712924,0.899995140372614,0.896336819119263,0.378584163587929,1.47761676228739,20,no,FALSE,FALSE,1
235,0.393125764787595,-0.861561129055351,2.00957523712924,1.16626742692251,0.896936456496444,-0.743062882193091,0.743838995074126,20,no,FALSE,FALSE,1
236,0.504452526886458,0.672455607598762,2.00957523712924,0.350362938745378,0.308440441383542,0.777855679989875,1.33804529615537,20,no,FALSE,FALSE,1
237,0.593432679066245,0.537386762697458,2.00957523712924,1.76574522267409,1.7943802247057,0.531032115107239,0.976489649971275,20,no,FALSE,FALSE,1
238,0.00612101123836125,2.8652833760627,2.00957523712924,0.954750805036425,1.23436590423261,2.53980651459299,0.785716919879823,20,no,TRUE,TRUE,1
239,0.0906409445111034,1.72604338557137,2.00957523712924,0.943574112068316,0.639619125166678,1.84107233994212,1.1377275922866,20,no,FALSE,FALSE,1
240,0.106883778243233,1.64252751053292,2.00957523712924,0.751642642157883,0.885158505719873,1.62127453935752,0.974289047882392,20,no,FALSE,FALSE,1
241,0.233161456855133,1.20717107773355,2.00957523712924,1.02082962869855,1.07502888517656,1.23169685295536,1.04104624028877,20,no,FALSE,FALSE,1
242,0.127686385875597,1.54954364879599,2.00957523712924,1.22367282192379,1.82097769499918,1.68050475471928,1.17617477914488,20,no,FALSE,FALSE,1
243,0.100555144550709,1.67373702658363,2.00957523712924,1.61037426443174,1.26395348514845,1.66893137656732,0.994265824408989,20,no,FALSE,FALSE,1
244,0.287155339361919,1.07609355601078,2.00957523712924,1.11706536508865,1.08606786021763,0.975630205125215,0.821997342447125,20,no,FALSE,FALSE,1
245,0.492233764141952,0.691951488245066,2.00957523712924,0.881115376582846,1.22662251010174,0.746453177783942,1.1637343323385,20,no,FALSE,FALSE,1
246,0.819413673804312,0.229528405369345,2.00957523712924,0.668725882890049,0.364122740954152,0.206636529683162,0.810478167066075,20,no,FALSE,FALSE,1
247,0.227126730867739,1.223140227633,2.00957523712924,0.848784263404741,1.041138448019,1.25301610627154,1.04944771729447,20,no,FALSE,FALSE,1
248,0.430951838262974,-0.79412518016555,2.00957523712924,0.327036627669967,-0.192140358687742,-0.808611005347856,1.03681521560724,20,no,FALSE,FALSE,1
249,0.0567115673853753,1.95161942747338,2.00957523712924,1.28931891928875,1.24877877574858,1.81219946936436,0.862227226599388,20,no,FALSE,FALSE,1
250,0.130372960848779,1.5384455103328,2.00957523712924,0.59496670266089,0.530103910490963,1.3683118232096,0.791053618994765,20,no,FALSE,FALSE,1
251,0.916140341781995,-0.105841351875117,2.00957523712924,0.56739033192305,0.00112521989539227,-0.124303220191186,1.37928496624769,20,no,FALSE,FALSE,1
252,0.000773364742107121,3.58575302781906,2.00957523712924,1.32732408631108,1.69781972666326,3.51892741146507,0.963074466893715,20,no,TRUE,TRUE,1
253,0.000117704260374411,4.18550074455949,2.00957523712924,1.2381222880382,1.29616630260173,3.95035907781769,0.890796086455657,20,no,TRUE,TRUE,1
254,0.783178333363375,0.276694773593207,2.00957523712924,0.51595189986897,1.00526980296791,0.258211676692323,0.870863008801122,20,no,FALSE,FALSE,1
255,0.0522276064385823,1.98963341965458,2.00957523712924,0.913435488237537,1.36933718092757,1.82562729812345,0.84193411574944,20,no,FALSE,FALSE,1
256,0.152103519550315,1.45479144444605,2.00957523712924,0.609156090683949,0.827078480500809,1.44206647999468,0.982582641259079,20,no,FALSE,FALSE,1
257,0.753422392390203,0.315896954296952,2.00957523712924,1.21749126142472,1.38794388030083,0.243261718101157,0.593002688153424,20,no,FALSE,FALSE,1
258,0.221679599782841,-1.23782448207313,2.00957523712924,0.554842959897019,0.227179098995964,-1.28857535407234,1.0836811147688,20,no,FALSE,FALSE,1
259,0.71798792611878,0.363240114470098,2.00957523712924,0.667218540442324,0.845570953705482,0.36169972630027,0.991536606473736,20,no,FALSE,FALSE,1
260,0.402302400355109,-0.844847382526314,2.00957523712924,1.35636015668178,1.0910157763423,-0.829278846926012,0.963484316086671,20,no,FALSE,FALSE,1
261,0.433876068722798,0.789063983792343,2.00957523712924,0.753553282466234,0.988705249309876,0.623325701219413,0.624030227326018,20,no,FALSE,FALSE,1
262,0.685798375836479,0.406975448658596,2.00957523712924,1.39397514340058,0.727777678954753,0.331622016704859,0.663972803466864,20,no,FALSE,FALSE,1
263,0.374639180569752,0.895989413152533,2.00957523712924,0.877884238645003,1.02752207373031,0.87104346054142,0.945091577614793,20,no,FALSE,FALSE,1
264,0.499803222211927,-0.67984307173058,2.00957523712924,0.362769281373204,0.53118506650335,-0.650709372938354,0.916129299362206,20,no,FALSE,FALSE,1
265,0.43613245246741,0.785172562084168,2.00957523712924,0.770282538854333,0.890432794641114,0.818424836252438,1.08649409643392,20,no,FALSE,FALSE,1
266,0.857021485680877,-0.181118727625443,2.00957523712924,0.903386448330478,0.265978784094536,-0.157055156231506,0.751930465460393,20,no,FALSE,FALSE,1
267,0.22910735280476,1.21786514936583,2.00957523712924,1.0666474658002,1.24374626990884,1.29110787323498,1.12389736589602,20,no,FALSE,FALSE,1
268,0.0374304819975586,2.13916660729439,2.00957523712924,1.03028651589202,1.16244493192546,2.16320166402216,1.02259766220645,20,no,TRUE,TRUE,1
269,0.0277293178866057,2.26866438527846,2.00957523712924,1.440802851668,1.12812106480689,2.07353932352923,0.835379945610476,20,no,TRUE,TRUE,1
270,0.447666949768279,0.765463700156594,2.00957523712924,1.47668392840281,1.40362553232757,0.790733572183111,1.06711482954247,20,no,FALSE,FALSE,1
271,0.83692964490399,0.206920224712158,2.00957523712924,1.18066762420058,1.14320726425663,0.183475708678732,0.786232994103818,20,no,FALSE,FALSE,1
272,0.43787142663445,-0.782181636556441,2.00957523712924,0.56259751829583,0.751293831245334,-0.771695045729493,0.973366046268459,20,no,FALSE,FALSE,1
273,0.0256742970913809,2.30119465586185,2.00957523712924,0.932257397144052,0.999545277828242,2.04679815204803,0.791121739566657,20,no,TRUE,TRUE,1
274,0.208735891006697,1.27382129900799,2.00957523712924,0.949309461870397,0.667802270080618,1.30596465721638,1.05110435482524,20,no,FALSE,FALSE,1
275,0.11014657294662,1.6270236021714,2.00957523712924,0.781997467087588,1.00682546462204,1.33460806027383,0.672852361228137,20,no,FALSE,FALSE,1
276,0.730075706153912,0.347002061445187,2.00957523712924,1.01508791326087,0.350067292479495,0.391184646552257,1.27086521388304,20,no,FALSE,FALSE,1
277,0.843274624350015,0.198757790255163,2.00957523712924,1.19558671753989,1.27844223873199,0.191260125315691,0.925977752712894,20,no,FALSE,FALSE,1
278,0.00394687946620308,3.02548334334279,2.00957523712924,0.830636823203315,0.730937851357936,2.44951134969154,0.65549499436626,20,no,TRUE,TRUE,1
279,0.0875422258318661,-1.74336341883,2.00957523712924,0.729867437767243,0.681337976992087,-1.84980517397319,1.12583856705605,20,no,FALSE,FALSE,1
280,0.0993002038887945,1.68011630846714,2.00957523712924,0.859882769206631,1.15497535348409,1.60515728792304,0.91275978009622,20,no,FALSE,FALSE,1
281,0.562844225269426,0.582584884861732,2.00957523712924,0.861773479680806,0.5819236504773,0.621140299387881,1.1367395978473,20,no,FALSE,FALSE,1
282,0.700609284285698,0.386758899738532,2.00957523712924,1.22459684185773,1.37535034914897,0.411369201763144,1.1313133598784,20,no,FALSE,FALSE,1
283,0.00391853645544958,3.02807566572731,2.00957523712924,0.861863151831012,1.62878477348228,2.73093856784753,0.813374242744008,20,no,TRUE,TRUE,1
284,0.419475667153938,0.814189565142978,2.00957523712924,0.825603020605724,0.829345274545008,0.68860106935699,0.715293570740477,20,no,FALSE,FALSE,1
285,0.485867083645126,0.702215804376313,2.00957523712924,0.88841348699365,0.81778804320242,0.701368064827299,0.997586987267233,20,no,FALSE,FALSE,1
286,0.00280214701875385,3.14741504797332,2.00957523712924,1.03482613654273,0.742351746714312,3.22678686109436,1.05107214325147,20,no,TRUE,TRUE,1
287,0.173366960736232,1.38158358360531,2.00957523712924,1.07736255757973,1.3342501328814,1.49218635860395,1.16651896127201,20,no,FALSE,FALSE,1
288,0.247970535481707,1.16922233494634,2.00957523712924,0.678143496927152,0.724873882663928,1.19490824830563,1.04441935713461,20,no,FALSE,FALSE,1
289,0.959026915110699,0.0516382058506972,2.00957523712924,0.688052274000116,1.60301492166836,0.0496994327873696,0.926319007309916,20,no,FALSE,FALSE,1
290,0.0286772930175784,2.25437567737059,2.00957523712924,0.82858582122131,1.03200263637069,2.19565774751512,0.948585995818241,20,no,TRUE,TRUE,1
291,0.480430311377234,0.711040443140394,2.00957523712924,1.06537092644007,0.815983560104574,0.704454113465442,0.98155990892481,20,no,FALSE,FALSE,1
292,0.0239288072339831,2.33070266382005,2.00957523712924,1.03391680432756,1.20247865068144,2.6922092865222,1.33427052080236,20,no,TRUE,TRUE,1
293,0.904910777496308,-0.120080013647927,2.00957523712924,0.833884176796127,0.982772271521061,-0.146441130472121,1.48725243430912,20,no,FALSE,FALSE,1
294,0.0763317536130637,-1.81062901032481,2.00957523712924,0.409145328438837,0.0282200736346652,-1.841181908641,1.034033118711,20,no,FALSE,FALSE,1
295,0.74461462697463,-0.327593488557605,2.00957523712924,0.288270415759394,0.169321670894332,-0.330999223024825,1.02090052441048,20,no,FALSE,FALSE,1
296,0.966243412613499,0.0425370856941494,2.00957523712924,1.01788548037338,0.637455067105306,0.0451262143441207,1.12543998156911,20,no,FALSE,FALSE,1
297,0.00288388547715674,3.13727735705848,2.00957523712924,1.20478986214942,1.55781423368816,3.2606464518986,1.08019358193286,20,no,TRUE,TRUE,1
298,0.0402321140640149,2.10730831637941,2.00957523712924,1.09169178887672,0.994297880649464,1.99207200851679,0.8936221066885,20,no,TRUE,TRUE,1
299,0.0444628376330578,2.06269385023772,2.00957523712924,1.26618383434162,1.48980855325083,1.98129873201448,0.922635956390345,20,no,TRUE,TRUE,1
300,0.215971613689223,1.25350075041606,2.00957523712924,0.822598043984209,0.880158441122191,1.2351061381865,0.970866159421619,20,no,FALSE,FALSE,1
301,0.0282480121297565,2.26079337629294,2.00957523712924,0.745697025985686,0.966409664745303,2.14981166277653,0.904230360865132,1,affirm,TRUE,TRUE,1
302,0.00307041619439932,3.11511918249387,2.00957523712924,1.41999967821776,1.36846767522884,2.71890405407003,0.761795547968718,9,affirm,TRUE,TRUE,1
303,0.0128249464931348,2.58318245769499,2.00957523712924,0.497035771857766,0.56784842660879,2.04345491705808,0.625777517291434,10,affirm,TRUE,TRUE,1
304,0.00105758512893442,3.48172601153554,2.00957523712924,1.15813427641397,1.18872507325922,3.2030593448047,0.846332047169407,13,affirm,TRUE,TRUE,1
305,0.0134619443633806,2.56408583079047,2.00957523712924,1.22347261190184,1.23795426152156,2.93701272879523,1.31203838192824,2,affirm,TRUE,TRUE,1
306,0.0052633357498154,2.9209396273379,2.00957523712924,0.686127461351134,0.366837119536937,2.86398337315066,0.961381638738008,9,affirm,TRUE,TRUE,1
307,0.000249446599960026,3.95091345935611,2.00957523712924,0.645640835815468,1.04479433474165,3.30342740516138,0.699092270987015,9,affirm,TRUE,TRUE,1
308,0.00814819660884746,2.75812583442566,2.00957523712924,0.820343437183868,0.876656245898553,2.3499601031153,0.725926792569974,2,affirm,TRUE,TRUE,1
309,0.00296646783381529,3.12730587979247,2.00957523712924,1.50389593771129,2.01929527200254,3.00213168418677,0.921549681338216,3,affirm,TRUE,TRUE,1
310,0.0465721415968222,2.04181635444996,2.00957523712924,0.692894399913414,0.496874007844551,1.52718395376952,0.559434632384971,12,affirm,TRUE,TRUE,1
311,0.0274865052149689,2.27239404091497,2.00957523712924,0.844655139324696,1.32404994970457,2.21788442437692,0.952599915257051,8,affirm,TRUE,TRUE,1
312,0.000439087513077395,3.7704021614003,2.00957523712924,1.11387050125818,1.16177824448778,3.728414305985,0.977851665901388,3,affirm,TRUE,TRUE,1
313,0.0224439472072672,2.35736035860709,2.00957523712924,0.526446575357072,-0.347648891933781,2.56420512368552,1.18318750581923,13,affirm,TRUE,TRUE,1
314,0.00124003883619088,3.42825071574474,2.00957523712924,1.42946076688015,1.10253219457758,2.91701716504569,0.723990418612983,12,affirm,TRUE,TRUE,1
315,0.0325005635709761,2.20069599203957,2.00957523712924,1.27795368949785,1.80227937664447,1.94749907275918,0.783130997130081,3,affirm,TRUE,TRUE,1
316,0.00642971221511497,2.84701396843053,2.00957523712924,1.45783692293028,1.82365701152739,3.05395342828794,1.15065631148862,4,affirm,TRUE,TRUE,1
317,0.0291414592692712,2.24753168932808,2.00957523712924,0.478692653315998,0.745552624341599,2.41979285248516,1.15916359072474,9,affirm,TRUE,TRUE,1
318,0.0375807323586376,2.13740588950576,2.00957523712924,0.158881578268186,0.142773657864202,2.0784562434442,0.94560066401684,17,affirm,TRUE,TRUE,1
319,0.0117056923262992,2.61893728021135,2.00957523712924,0.875277490171547,0.291790497855002,2.38078753456215,0.826401476223706,18,affirm,TRUE,TRUE,1
320,0.00281284486202659,3.14607253041743,2.00957523712924,0.986960030449809,0.802629713299568,3.47082813023612,1.21710698765233,7,affirm,TRUE,TRUE,1
321,0.0446012246815769,2.06129802265825,2.00957523712924,1.13962429366668,1.13445955975318,2.12619395290696,1.06395726395882,6,affirm,TRUE,TRUE,1
322,0.000858796671825981,3.55108986501135,2.00957523712924,1.20377638164896,1.61157723497,2.70417102331115,0.579889151212521,2,affirm,TRUE,TRUE,1
323,0.00831984149933237,2.75022588167709,2.00957523712924,0.749629879359035,1.32762250443699,2.34624475490574,0.727796394777181,3,affirm,TRUE,TRUE,1
324,0.0292281938339725,2.24626355097759,2.00957523712924,1.02462661951959,0.839702447687904,1.94657889772769,0.750970023940919,4,affirm,TRUE,TRUE,1
325,0.00647912440115258,2.84416549935366,2.00957523712924,0.895151171407677,1.74374077057897,2.29114824011454,0.648928205398537,4,affirm,TRUE,TRUE,1
326,0.00127244625697943,3.41954405885603,2.00957523712924,1.40716775063456,1.91237342333279,3.10587206043355,0.824955868688984,4,affirm,TRUE,TRUE,1
327,0.0460653967218227,2.0467559047607,2.00957523712924,0.540158401128841,0.628849352455944,1.97277628048421,0.929016807527803,6,affirm,TRUE,TRUE,1
328,0.00291464166842682,3.13353265922014,2.00957523712924,0.602548600063491,0.882489418012578,2.98978266759157,0.910355014446318,3,affirm,TRUE,TRUE,1
329,0.00196644633617496,3.27092437692072,2.00957523712924,1.04840230919894,1.87297509069815,3.21277152122428,0.96475863864597,11,affirm,TRUE,TRUE,1
330,0.0256230073010892,2.30203583180936,2.00957523712924,0.775731142514132,1.11098787072981,2.38157391547047,1.07029617034752,13,affirm,TRUE,TRUE,1
331,0.0484541330985028,2.02387021812161,2.00957523712924,1.05406330525931,0.995220543871854,2.13711968263872,1.11504493407443,1,affirm,TRUE,TRUE,1
332,0.0252595287057995,2.30804044310875,2.00957523712924,1.08980666409793,1.09796531747562,2.23365483743818,0.936580901128379,1,affirm,TRUE,TRUE,1
333,0.00810542500233643,2.76011827744308,2.00957523712924,0.746739083325928,1.00371626914285,2.76600945897349,1.00427334482845,1,affirm,TRUE,TRUE,1
334,0.0414665819490283,2.09388324854493,2.00957523712924,1.24933544553895,1.36433957897696,2.17248011145638,1.07648180485245,2,affirm,TRUE,TRUE,1
335,0.0452138743691384,2.05516346589577,2.00957523712924,1.30775602274874,1.48596649429366,1.86931320848451,0.827315969322875,1,affirm,TRUE,TRUE,1
336,0.047636802812847,2.03158849520366,2.00957523712924,0.845215540604728,1.47101620035287,1.88779596076844,0.863452826468564,2,affirm,TRUE,TRUE,1
337,0.0223414532500644,2.35925817199609,2.00957523712924,1.35921191347734,0.978521467518798,2.13959842787601,0.822457762990289,5,affirm,TRUE,TRUE,1
338,0.0128263065699076,2.58314077087519,2.00957523712924,0.85313454712078,0.778939747968421,2.46806242054605,0.912885124911952,1,affirm,TRUE,TRUE,1
339,0.0204873156527162,2.3950126629312,2.00957523712924,0.896275041405428,1.28860605044054,2.45413822593625,1.04998334990356,6,affirm,TRUE,TRUE,1
340,0.0401812872580196,2.10786874408935,2.00957523712924,1.05635518462092,1.06220405696812,2.03505685942959,0.932107425296831,5,affirm,TRUE,TRUE,1
341,0.011996518041572,2.60935605983368,2.00957523712924,1.44741109750238,1.49467543281153,2.35893987974523,0.817272819217801,17,affirm,TRUE,TRUE,1
342,0.00542339371195371,2.90994208579242,2.00957523712924,1.22637316220376,1.22656771598647,2.59267304774876,0.793828733519852,1,affirm,TRUE,TRUE,1
343,0.0269613385089524,2.28056198382318,2.00957523712924,1.01763088093354,1.34340183731344,2.17596569341984,0.910375008143711,1,affirm,TRUE,TRUE,1
344,0.0296690936919448,2.23986833335739,2.00957523712924,0.518817607464843,1.03626132028058,2.58299376756097,1.32984718044178,12,affirm,TRUE,TRUE,1
345,0.0165962050052448,2.48065853831999,2.00957523712924,0.811767522125056,1.33359807879376,2.32139561731194,0.875718137081191,14,affirm,TRUE,TRUE,1
346,0.0204754257921475,2.39525117318406,2.00957523712924,1.08386872330932,1.4751821836224,2.44377436569465,1.04092655204079,2,affirm,TRUE,TRUE,1
347,0.0439039591105511,2.06836965277011,2.00957523712924,0.892883176479094,1.06309407159191,1.79794262348124,0.755605903257882,8,affirm,TRUE,TRUE,1
348,0.04947678086894,2.01437023495303,2.00957523712924,0.921153469032445,1.02769843646556,1.79103678709754,0.790551962769622,3,affirm,TRUE,TRUE,1
349,0.0176697742556279,2.45535499153411,2.00957523712924,1.19933492967461,2.31159052629447,2.12744119350592,0.750734798699914,7,affirm,TRUE,TRUE,1
350,0.0163349986588569,2.48703869078505,2.00957523712924,0.763741402647355,0.48883645135856,2.12187265469246,0.727903065894942,19,affirm,TRUE,TRUE,1
351,0.0267911426542224,2.2832394289279,2.00957523712924,0.976658692962197,1.31567637414204,1.98815619060903,0.758224980158966,1,affirm,TRUE,TRUE,1
352,0.00456101737566473,2.9732072809689,2.00957523712924,1.00891387863341,1.50399283932438,2.73556615457946,0.846533342474238,5,affirm,TRUE,TRUE,1
353,0.0415522448961212,2.09296465420464,2.00957523712924,0.692990264109871,0.594378425693605,1.95443796220003,0.87200703981995,6,affirm,TRUE,TRUE,1
354,0.00151121182711781,3.36122281262943,2.00957523712924,1.3593374246612,1.62191634202897,2.94700145398953,0.768716309451101,1,affirm,TRUE,TRUE,1
355,0.00584684765902615,2.88224058883659,2.00957523712924,0.748107072353002,0.973677669665891,2.79917681293274,0.943192208337903,2,affirm,TRUE,TRUE,1
356,0.0477590261568596,2.03042704733443,2.00957523712924,0.437514705509175,0.792373944769124,2.09964542955776,1.06934327318256,2,affirm,TRUE,TRUE,1
357,0.0248976186262546,2.31409621843171,2.00957523712924,0.812144408676692,1.60755884906947,2.37985934310655,1.05764459451344,5,affirm,TRUE,TRUE,1
358,0.0387472282925015,2.12394234737168,2.00957523712924,0.879448663788355,0.703490009462875,1.83192451342029,0.743925936140609,4,affirm,TRUE,TRUE,1
359,0.0178857749359212,2.45043246786501,2.00957523712924,1.09173056018044,1.45448120098746,2.40621735423274,0.964237978503161,7,affirm,TRUE,TRUE,1
360,0.0194802779396265,2.41566937419057,2.00957523712924,0.90305891065439,0.673307856960416,2.33133298946757,0.93139441984212,7,affirm,TRUE,TRUE,1
361,0.0167701723805127,2.47645949928885,2.00957523712924,0.730987591487262,1.09742586936171,2.30972938130378,0.869880785955499,10,affirm,TRUE,TRUE,1
362,0.0161633797887754,2.49128108474499,2.00957523712924,1.4022877045608,1.45548551140427,2.47641080658549,0.988097771513417,2,affirm,TRUE,TRUE,1
363,0.039988100259297,2.1100045373794,2.00957523712924,0.794873380016286,1.05351136405341,2.00164461029804,0.899926756890486,4,affirm,TRUE,TRUE,1
364,0.0372414439571861,2.1413906895831,2.00957523712924,1.17205798345091,1.18239643156653,2.19923792501474,1.05475747547883,3,affirm,TRUE,TRUE,1
366,0.0216998726876288,2.37131836553395,2.00957523712924,1.4051995375002,1.09795959409553,2.00400020832103,0.714193338293439,7,affirm,TRUE,TRUE,1
367,0.0203921997779899,2.39692417907354,2.00957523712924,0.966621563637657,0.708675586109969,2.23949767705219,0.872956573894806,4,affirm,TRUE,TRUE,1
368,0.000147043182091321,4.11654997569171,2.00957523712924,1.17060399242059,1.42745110675191,3.52686753395615,0.734026116190363,6,affirm,TRUE,TRUE,1
369,0.00348231041617997,3.07035941395402,2.00957523712924,0.950656798783926,0.921602407517941,2.3073074642502,0.56471914168701,14,affirm,TRUE,TRUE,1
370,0.0188475983172326,2.42914450435795,2.00957523712924,1.33490631339527,1.35067572337585,2.44150137603344,1.0101997233036,3,affirm,TRUE,TRUE,1
371,0.0290114187758981,2.24943928673711,2.00957523712924,1.45428337079461,1.45471451064851,2.18638570433173,0.944724126053954,1,affirm,TRUE,TRUE,1
372,0.0136414757385722,2.55885239124992,2.00957523712924,1.55016150817685,1.19624775515308,2.6044254018188,1.0359370763588,1,affirm,TRUE,TRUE,1
373,0.0398158762509825,2.11191619330107,2.00957523712924,0.854585574066558,1.04507116422773,1.88143425909331,0.793642168902226,4,affirm,TRUE,TRUE,1
374,0.0337330916545039,2.18457998719147,2.00957523712924,0.876807826702718,0.941147839917922,1.75096937249638,0.642423172250758,6,affirm,TRUE,TRUE,1
375,0.0015071654047522,3.36213595273177,2.00957523712924,1.52683550627043,1.98204241912551,2.79636045480313,0.691760503647246,1,affirm,TRUE,TRUE,1
376,0.00674546337450041,2.82915016387592,2.00957523712924,1.03245615095894,0.830177265551514,2.35372975622788,0.692151551971652,3,affirm,TRUE,TRUE,1
377,0.0435429159529668,2.07206981868692,2.00957523712924,0.686122267465142,1.19555364705966,2.03226583280976,0.961949474093126,17,affirm,TRUE,TRUE,1
378,0.00951216809401709,2.69916207997979,2.00957523712924,1.19972449264126,1.23363849245462,2.46221323476654,0.832134244677996,6,affirm,TRUE,TRUE,1
379,0.0114431284649635,2.62777622330103,2.00957523712924,1.24524499609259,1.55971812364418,2.62728862581702,0.999628924075374,8,affirm,TRUE,TRUE,1
380,0.000958337760201709,3.51463680809664,2.00957523712924,1.49534060760422,2.17146331329229,4.03770406404166,1.319799817418,3,affirm,TRUE,TRUE,1
381,0.0259745753308053,2.29629980319741,2.00957523712924,0.973703841898871,1.37514638302939,1.83904037032834,0.641394672978014,6,affirm,TRUE,TRUE,1
382,0.00053633546251375,3.70562326903595,2.00957523712924,1.14877402555016,1.16670102352823,3.4931693237037,0.888621354522956,1,affirm,TRUE,TRUE,1
383,0.000596014338395049,3.67125394946294,2.00957523712924,0.940185316386837,1.94577962434902,2.881335928986,0.61596911359805,1,affirm,TRUE,TRUE,1
384,0.0291954154734032,2.24674240763032,2.00957523712924,0.48073551703285,0.316443634885677,2.26721407070964,1.01830644129753,7,affirm,TRUE,TRUE,1
385,0.0104570851475124,2.66271796461033,2.00957523712924,0.787710315555192,0.245684802215388,1.86917934264874,0.492778338365466,4,affirm,TRUE,TRUE,1
386,0.00571229218322507,2.8908349500657,2.00957523712924,0.899613320800709,0.542171216504548,3.27046232491567,1.27988723507488,7,affirm,TRUE,TRUE,1
388,0.011145334391628,2.63802856477657,2.00957523712924,0.971627373690417,1.84318575179113,2.61590591244812,0.983298216149517,8,affirm,TRUE,TRUE,1
389,0.0192982962076416,2.41950443389312,2.00957523712924,1.09695108648863,1.20494285065858,2.56026855591113,1.11974259797103,2,affirm,TRUE,TRUE,1
390,0.015738022766699,2.50197442517598,2.00957523712924,1.030731242701,1.02542173795658,2.36747828673116,0.895377706594235,8,affirm,TRUE,TRUE,1
391,0.0129932980872397,2.57805280303613,2.00957523712924,0.875617703370751,0.896766108655792,2.64379394103507,1.05165087970428,2,affirm,TRUE,TRUE,1
392,0.0164552448757268,2.48409020388108,2.00957523712924,0.793790194292227,1.0584557994656,3.0805710833275,1.53789875232425,15,affirm,TRUE,TRUE,1
393,0.000167853272974443,4.07532471545411,2.00957523712924,0.887136648840957,1.17702007895009,3.75250381296567,0.847847702602151,8,affirm,TRUE,TRUE,1
394,0.00227635674400745,3.22018477669016,2.00957523712924,1.29594503056267,1.84843976777242,3.34816601740081,1.08106643409938,2,affirm,TRUE,TRUE,1
395,0.00780235361325228,2.77452086701886,2.00957523712924,1.32193643888579,1.69287870124189,2.96323213548079,1.14065775834583,1,affirm,TRUE,TRUE,1
396,0.000713886367846535,3.61212099403078,2.00957523712924,1.56013057793673,1.87020710856231,2.91904398030847,0.653065434835994,5,affirm,TRUE,TRUE,1
397,0.00185143582259824,3.29170199714231,2.00957523712924,0.691590207927085,0.718103407394829,3.37336228808686,1.05023127982844,11,affirm,TRUE,TRUE,1
398,0.0077632162477527,2.7764182719608,2.00957523712924,1.03725485705098,1.45475033800356,2.55969148894745,0.849973647376569,5,affirm,TRUE,TRUE,1
399,0.028200562642401,2.26150804659707,2.00957523712924,0.297634655922983,0.180674270176362,2.42098998460772,1.14601344015971,16,affirm,TRUE,TRUE,1
400,0.00922809251884481,2.71076994030762,2.00957523712924,1.67973060321723,1.27803219934411,2.61667106582591,0.931779051093192,6,affirm,TRUE,TRUE,1
401,0.00221997400486013,3.22890950355088,2.00957523712924,1.19901478079396,1.31589621308826,3.35926988336021,1.08237573194729,2,affirm,TRUE,TRUE,1
402,0.0200008709467287,2.40487391103049,2.00957523712924,1.01467679988402,1.58773327090832,2.01960369587626,0.705257464712527,4,affirm,TRUE,TRUE,1
404,4.33182507563252e-05,4.49016602292663,2.00957523712924,1.3846197244151,1.70790419116838,3.34903600329476,0.556307396549998,4,affirm,TRUE,TRUE,1
405,0.00669359988690531,2.83203046149822,2.00957523712924,1.2894666594957,1.34817736655359,3.08345019460733,1.18543579002697,5,affirm,TRUE,TRUE,1
406,0.0304565298980184,2.22865330182664,2.00957523712924,0.508317059911889,1.16296797514851,2.16135890963362,0.940521558964488,1,affirm,TRUE,TRUE,1
407,0.0211608225396517,2.38170109912971,2.00957523712924,0.911708022417937,0.735193170537695,2.6632109072538,1.25036442123848,8,affirm,TRUE,TRUE,1
408,0.0140695905360969,2.54662126226948,2.00957523712924,0.763751153358563,0.815518328158854,2.32514808607267,0.833628423806145,5,affirm,TRUE,TRUE,1
410,0.0290971060235285,2.24818146842918,2.00957523712924,1.02020336252397,0.871958782661693,2.18415656695486,0.943853968330185,8,affirm,TRUE,TRUE,1
411,0.00832784555720483,2.74986117421606,2.00957523712924,1.35199830838548,1.53408964429627,3.11669792944619,1.28459990801952,1,affirm,TRUE,TRUE,1
412,0.0161285017518274,2.49214825058145,2.00957523712924,1.16800202458637,0.99857299811572,2.48812526983871,0.996774081422397,6,affirm,TRUE,TRUE,1
413,0.00263695537895074,3.1687821488564,2.00957523712924,0.788219046035959,2.17766013339064,3.32490463066363,1.10096527152288,6,affirm,TRUE,TRUE,1
414,0.0193154774781812,2.4191409688287,2.00957523712924,1.2076056085671,0.693853154019416,2.07814819038254,0.737956349594013,1,affirm,TRUE,TRUE,1
415,0.015259104550707,2.51433250869055,2.00957523712924,1.24611791192082,1.6285903509938,2.43907623919655,0.941034032068927,1,affirm,TRUE,TRUE,1
416,0.0134633665364671,2.56404412452536,2.00957523712924,0.877870212418384,0.720175440946188,2.71679435983912,1.12269695456111,10,affirm,TRUE,TRUE,1
417,0.0021446719881975,3.24089408910629,2.00957523712924,1.03674366522232,1.60090119970095,3.39149501285214,1.0950972493417,7,affirm,TRUE,TRUE,1
418,0.0124660576252945,2.59432602320276,2.00957523712924,1.30983876048223,1.40360452206223,2.3962332082971,0.853117913273968,1,affirm,TRUE,TRUE,1
419,0.0218209023083947,2.36901904248464,2.00957523712924,0.968976106272231,1.44762957955138,2.53206413734739,1.14238449779616,1,affirm,TRUE,TRUE,1
420,0.017863886335724,2.4509288438014,2.00957523712924,1.6139432616702,2.17832175498379,2.91938529995323,1.41880081103733,1,affirm,TRUE,TRUE,1
421,0.0306315344312957,2.22619572715269,2.00957523712924,1.40250128288949,1.45516405904688,2.52964488927863,1.29119676405767,3,affirm,TRUE,TRUE,1
422,0.00438230072526732,2.98770547824664,2.00957523712924,1.18641243338556,1.86701651039598,2.59491998362357,0.754349096200947,1,affirm,TRUE,TRUE,1
423,0.0327245609981463,2.19772745139159,2.00957523712924,0.658880916966154,0.766556735228373,1.88917015411981,0.73891500501642,7,affirm,TRUE,TRUE,1
424,0.0333229635671404,2.18988413494475,2.00957523712924,0.85376951801546,0.620039613831951,2.38598815848286,1.18711910224993,5,affirm,TRUE,TRUE,1
425,0.0183775111642321,2.43942328196174,2.00957523712924,1.09269525930715,1.26944884797344,2.43414082044179,0.995673779050634,2,affirm,TRUE,TRUE,1
427,0.0178769782867223,2.4506318867925,2.00957523712924,1.1859266314388,1.60152001284252,2.38243501363557,0.94511785091898,1,affirm,TRUE,TRUE,1
429,0.00821421802325771,2.75506919776191,2.00957523712924,1.39158003435501,1.58215342204445,3.00947971849011,1.19321256815331,4,affirm,TRUE,TRUE,1
430,0.00943267835890225,2.70237771588474,2.00957523712924,0.693741166627399,0.613998812141385,2.45253621059693,0.823642512101995,1,affirm,TRUE,TRUE,1
431,0.00239107680384919,3.20304545785587,2.00957523712924,0.956134835804261,1.45097887937515,3.2835240825007,1.05088261463379,5,affirm,TRUE,TRUE,1
432,0.0437861431694312,2.06957417368778,2.00957523712924,0.933281657455992,1.25470732572868,1.97086370940852,0.906882858268446,5,affirm,TRUE,TRUE,1
433,0.000524840174668484,3.71266320972125,2.00957523712924,1.2615553890048,1.44763721364521,3.65789112742061,0.970712095794288,5,affirm,TRUE,TRUE,1
434,0.00390529545126894,3.02929274094317,2.00957523712924,1.0501919165264,1.02030771639211,2.82974521244397,0.872593913401811,6,affirm,TRUE,TRUE,1
435,0.00638608309644393,2.84954598438366,2.00957523712924,0.474981781362008,1.02519715942945,2.9072348855392,1.04089974738754,10,affirm,TRUE,TRUE,1
436,0.0369737306917911,2.14455741517304,2.00957523712924,1.07682413501523,1.73206068473169,2.01710124830472,0.884667434075379,6,affirm,TRUE,TRUE,1
437,0.0439992938034605,2.06739703188742,2.00957523712924,0.944651721346768,1.10894643379458,2.20218785251045,1.13464746852642,10,affirm,TRUE,TRUE,1
438,0.0159439416195765,2.49676541104161,2.00957523712924,1.11197813314451,1.33036500979053,2.24932389401421,0.811612103420695,3,affirm,TRUE,TRUE,1
439,0.0134882029139389,2.56331642573298,2.00957523712924,1.00910612668312,1.27242360766555,2.44861575690575,0.912508332225618,1,affirm,TRUE,TRUE,1
440,0.00152507901971829,3.35811096874247,2.00957523712924,0.949020567433924,1.04582692474089,2.60977973065144,0.603973134338491,4,affirm,TRUE,TRUE,1
442,0.0414923837557223,2.09360639239892,2.00957523712924,1.29689884536114,1.49018662694407,2.09616908085968,1.00244960743846,7,affirm,TRUE,TRUE,1
443,0.0181091196236403,2.44539870765941,2.00957523712924,1.52410181119895,1.91563103149831,2.94365872230694,1.44902393506572,3,affirm,TRUE,TRUE,1
444,0.0011155121403648,3.46385378064502,2.00957523712924,1.26888748769526,1.70958092145169,2.95896499549918,0.729727231354719,2,affirm,TRUE,TRUE,1
445,0.00373886242927232,3.04492942574139,2.00957523712924,0.729028680547517,1.21876240057948,2.69458354342682,0.783120952739689,5,affirm,TRUE,TRUE,1
446,0.0115031219358524,2.62574037674993,2.00957523712924,1.19413226783479,1.49423524633868,2.79616632878456,1.13402450262238,1,affirm,TRUE,TRUE,1
447,0.0078849052705107,2.77054735774085,2.00957523712924,1.38025713236337,0.908652939297782,2.3464056467336,0.71725739422502,2,affirm,TRUE,TRUE,1
448,0.000765345077679824,3.58919275706268,2.00957523712924,1.23432324664689,1.46346621608599,2.91813261172096,0.661022866070807,9,affirm,TRUE,TRUE,1
449,0.00775382148347294,2.77687505077451,2.00957523712924,0.519112728942551,0.285034149199542,3.28294074886145,1.39769822001651,7,affirm,TRUE,TRUE,1
450,0.0243024720286371,2.32422771222194,2.00957523712924,0.731742912984578,0.72320070356616,2.31574320992175,0.992712404138495,1,affirm,TRUE,TRUE,1
451,0.0291517206241031,2.24738148450321,2.00957523712924,1.23919413738641,1.14638806531307,2.3543082287238,1.09742043795411,1,affirm,TRUE,TRUE,1
452,0.0221151427072159,2.36347640605447,2.00957523712924,0.695636578959511,0.59979725265986,2.22020935486516,0.882440260208516,12,affirm,TRUE,TRUE,1
454,0.00604612461702985,2.86984402206873,2.00957523712924,1.62617042698295,1.1899340702298,2.74780283917179,0.916757664413775,3,affirm,TRUE,TRUE,1
455,0.0310372866455261,2.22054524391601,2.00957523712924,1.36600290653389,1.57212786996654,2.2202856139709,0.999766170252436,8,affirm,TRUE,TRUE,1
456,0.0242077595024585,2.32586045137895,2.00957523712924,1.11816915398645,1.41268122914801,2.11941908131023,0.830359907562968,6,affirm,TRUE,TRUE,1
457,0.0236391989186473,2.33578353388759,2.00957523712924,1.11554939865023,0.927279216264283,2.44749446835398,1.09793910303132,9,affirm,TRUE,TRUE,1
458,0.00390301121473495,3.02950309199078,2.00957523712924,1.9514301279795,1.86978890779377,2.76636851977675,0.83382952226103,3,affirm,TRUE,TRUE,1
459,0.0140987507424187,2.5458005334809,2.00957523712924,0.946579812178211,1.70377121329473,2.60573447672331,1.04763879433129,2,affirm,TRUE,TRUE,1
460,0.0466739397176085,2.04082969539216,2.00957523712924,0.515548343513101,0.457998404834025,1.9800808728483,0.941352601994278,8,affirm,TRUE,TRUE,1
461,0.0451337320571662,2.05596182091816,2.00957523712924,0.368583873434898,0.714935865164622,1.99346811218699,0.94013126296025,4,affirm,TRUE,TRUE,1
462,0.00313349220481079,3.1079119707171,2.00957523712924,1.13355920340365,0.981534872764633,2.72774815481485,0.770319909832818,3,affirm,TRUE,TRUE,1
463,0.0376790998628277,2.13625650532964,2.00957523712924,0.254069379578988,0.0584860631940339,1.91952171721977,0.807382373070741,12,affirm,TRUE,TRUE,1
464,0.0476081612826478,2.03186103953901,2.00957523712924,1.16337709149946,1.07103491595619,2.37734201144316,1.3689743922826,4,affirm,TRUE,TRUE,1
465,0.000887470046104267,3.54019200508635,2.00957523712924,0.6586622684164,1.01405830909755,2.56086330017362,0.523261953994098,3,affirm,TRUE,TRUE,1
466,0.0211154844665811,2.38258515171714,2.00957523712924,1.5692704013661,1.54353633348303,2.3892044764269,1.00556414082069,5,affirm,TRUE,TRUE,1
467,0.00499848300059807,2.9398407099979,2.00957523712924,1.10033698820645,1.15256341956704,3.04706689498698,1.07427724911197,8,affirm,TRUE,TRUE,1
468,0.00140851890089439,3.38514911951365,2.00957523712924,0.67654248070925,0.888738344513707,2.82271032773342,0.695307662273594,1,affirm,TRUE,TRUE,1
469,0.014544130482517,2.53345322189639,2.00957523712924,1.7849936969017,2.30033697183334,2.21635650374652,0.765338317591818,4,affirm,TRUE,TRUE,1
471,0.0104300782948506,2.66371683996582,2.00957523712924,1.31630769898928,1.39866126379621,2.70066396132042,1.02793341887987,2,affirm,TRUE,TRUE,1
472,0.0217242238810916,2.3708548182749,2.00957523712924,1.40085831367783,2.00549686582547,1.96502954709195,0.686954937497294,1,affirm,TRUE,TRUE,1
473,0.0293168680298778,2.2449704991392,2.00957523712924,0.91872111621407,1.09604095442015,1.8170415478642,0.65510126637562,15,affirm,TRUE,TRUE,1
474,0.0403917564277896,2.10555207967415,2.00957523712924,0.769582756486655,0.489078811919976,1.95798609271436,0.864743347482051,16,affirm,TRUE,TRUE,1
475,0.015615434173606,2.50510489674426,2.00957523712924,0.910612705110883,0.797445862671131,2.496046602132,0.992781206467551,3,affirm,TRUE,TRUE,1
476,0.0364187681494997,2.15118658462462,2.00957523712924,1.01774176136392,1.17831364873455,2.02599909898652,0.886997373974899,10,affirm,TRUE,TRUE,1
477,0.00917247824175121,2.71308084467441,2.00957523712924,0.632044434561517,0.782796089225788,2.94748160820533,1.18025741474325,3,affirm,TRUE,TRUE,1
478,0.022131602218795,2.36316831323927,2.00957523712924,1.26702465479475,1.28561939348318,2.02799654145051,0.736453127060481,4,affirm,TRUE,TRUE,1
479,0.0402712351630512,2.10687737976704,2.00957523712924,1.45218299766341,1.78741814554845,1.84426154344397,0.766242964711001,2,affirm,TRUE,TRUE,1
480,0.00454354500559359,2.97460108922345,2.00957523712924,1.17852770308125,1.41463771129009,2.6796362681721,0.811510660166499,6,affirm,TRUE,TRUE,1
481,0.000513152081673222,3.71997470981703,2.00957523712924,0.905807317694474,1.75346832081918,3.49424881184608,0.882323156978561,9,affirm,TRUE,TRUE,1
482,0.00408083546307893,3.01346236700791,2.00957523712924,1.48754831436632,1.27814207958631,2.30933321459852,0.587275197288135,3,affirm,TRUE,TRUE,1
483,0.0473949779027529,2.03389410618411,2.00957523712924,1.08820238212223,0.765488974672271,2.15735456101729,1.1250877052148,2,affirm,TRUE,TRUE,1
484,0.00452043387093931,2.97645242037275,2.00957523712924,1.37046515217063,1.49811695755232,2.10257868475936,0.499006985818318,2,affirm,TRUE,TRUE,1
485,0.0103485942827849,2.66674504667972,2.00957523712924,0.875921689644441,0.448667315016214,2.65808235202319,0.99351372216583,14,affirm,TRUE,TRUE,1
486,0.00175786304453993,3.30952893575934,2.00957523712924,0.883678250500914,0.327097195455624,3.25886790934882,0.969619074254749,3,affirm,TRUE,TRUE,1
487,0.020658672855341,2.39158898850948,2.00957523712924,0.710702609601135,1.33130733290968,1.97580993686253,0.68252292021531,1,affirm,TRUE,TRUE,1
488,0.0417717088163684,2.09061878310888,2.00957523712924,1.01946187112081,0.775957442961919,1.87641952790352,0.805582813010071,4,affirm,TRUE,TRUE,1
489,0.0263038206984164,2.29099037540134,2.00957523712924,1.14512175878408,1.06622246414513,2.39702814786899,1.09471164627096,8,affirm,TRUE,TRUE,1
490,0.0201358862604344,2.40211543108715,2.00957523712924,1.01875324340329,0.912341852006168,2.22028769650924,0.854340035451579,9,affirm,TRUE,TRUE,1
491,0.0245708354196842,2.31963210360878,2.00957523712924,1.05248871692149,1.30419401518476,2.14119331288315,0.852066587195795,3,affirm,TRUE,TRUE,1
492,0.00395827395846227,3.02444608188508,2.00957523712924,1.12064306016924,0.528727452130398,2.34694068313945,0.60216087422506,4,affirm,TRUE,TRUE,1
494,0.0278263778249177,2.26718164001727,2.00957523712924,1.626726469804,1.37493470134126,1.87669170647771,0.685193505063462,1,affirm,TRUE,TRUE,1
495,0.0114997721599779,2.62585379331534,2.00957523712924,0.976197455187456,1.07512243491033,2.30450424389334,0.770218493939787,2,affirm,TRUE,TRUE,1
496,0.0199346703857225,2.40623257156934,2.00957523712924,0.909762382782379,1.02651624444613,2.25171270216317,0.875690731280592,18,affirm,TRUE,TRUE,1
497,0.0325244503462503,2.20037857213999,2.00957523712924,1.17013705180942,0.898657101406758,1.95346113203027,0.788160625726326,6,affirm,TRUE,TRUE,1
498,0.00481982082384811,2.95312536583357,2.00957523712924,1.42337163367197,1.64058766559319,2.95749669381409,1.00296266683002,3,affirm,TRUE,TRUE,1
499,0.0212170772067229,2.38060654373778,2.00957523712924,1.15119710421944,1.182883488854,2.7004878402362,1.28679452993389,5,affirm,TRUE,TRUE,1
500,0.0399569690429084,2.11034955456407,2.00957523712924,0.435872108809749,0.33806364443379,1.96103319737498,0.863497525438068,3,affirm,TRUE,TRUE,1
