study,pval,tstat,tcrit,mui,muin,yi,vi,viTrue,m,N,hack,signif,affirm,Di,Mu,T2,m,t2w,se,Nmax,hack,k,k.hacked
2,0.0176723141081992,2.45529679479395,2.00957523712924,1.26747482461112,1.7743107766497,2.79675192784149,1.29747768859327,1,50,1,affirm,TRUE,TRUE,TRUE,1,0.1,50,0.1,1,1,affirm,2000,2000
7,0.0421561503239104,2.08653524409358,2.00957523712924,1.15354581814583,0.690349945959166,1.71521854086545,0.675752211181549,1,50,1,affirm,TRUE,TRUE,TRUE,1,0.1,50,0.1,1,1,affirm,2000,2000
17,0.0137910818308068,2.55453897220288,2.00957523712924,1.09036319228531,1.13500076828497,2.25717476405976,0.780737980128867,1,50,1,affirm,TRUE,TRUE,TRUE,1,0.1,50,0.1,1,1,affirm,2000,2000
26,0.00772325255279092,2.77836487512381,2.00957523712924,0.837295294306797,1.36675175953569,2.71949391502589,0.958070842131596,1,50,1,affirm,TRUE,TRUE,TRUE,1,0.1,50,0.1,1,1,affirm,2000,2000
30,0.00188300450882986,3.2858798069135,2.00957523712924,0.983174194590147,0.945947638592569,2.85478099760221,0.754817999050018,1,50,1,affirm,TRUE,TRUE,TRUE,1,0.1,50,0.1,1,1,affirm,2000,2000
36,0.0221975054771101,2.36193677541048,2.00957523712924,0.760435142902638,0.605791150316701,2.36285984631511,1.00078177475992,1,50,1,affirm,TRUE,TRUE,TRUE,1,0.1,50,0.1,1,1,affirm,2000,2000
37,0.016769302451543,2.47648039845521,2.00957523712924,1.36328979253131,0.942132748845481,2.45529476853439,0.982963716389944,1,50,1,affirm,TRUE,TRUE,TRUE,1,0.1,50,0.1,1,1,affirm,2000,2000
40,0.0127083562006687,2.58677106521517,2.00957523712924,0.995171153654434,1.15522069715661,2.60817128773638,1.01661433767702,1,50,1,affirm,TRUE,TRUE,TRUE,1,0.1,50,0.1,1,1,affirm,2000,2000
43,0.0284684106454841,2.25748771089726,2.00957523712924,1.35197590625711,1.96415855491495,2.47642763706601,1.20337364164267,1,50,1,affirm,TRUE,TRUE,TRUE,1,0.1,50,0.1,1,1,affirm,2000,2000
45,0.0313006167839978,2.21691299236563,2.00957523712924,1.23227917657776,1.34097939703454,2.5912831482802,1.36625713900364,1,50,1,affirm,TRUE,TRUE,TRUE,1,0.1,50,0.1,1,1,affirm,2000,2000
49,0.00578346559215601,2.88626579005967,2.00957523712924,1.43169617719188,1.58436806534352,2.728543912621,0.893694842302807,1,50,1,affirm,TRUE,TRUE,TRUE,1,0.1,50,0.1,1,1,affirm,2000,2000
50,0.0024357762521473,3.1965766352359,2.00957523712924,1.23837489144881,0.920787629380646,2.94719979308718,0.850058696142066,1,50,1,affirm,TRUE,TRUE,TRUE,1,0.1,50,0.1,1,1,affirm,2000,2000
51,0.00102961532938389,3.49069228868977,2.00957523712924,1.48881480993092,1.67207357029922,3.71473505081571,1.13248524954863,1,50,1,affirm,TRUE,TRUE,TRUE,1,0.1,50,0.1,1,1,affirm,2000,2000
53,0.00843433985876417,2.74503923612134,2.00957523712924,1.11488309139638,0.87708790503151,3.19105157400801,1.351358363746,1,50,1,affirm,TRUE,TRUE,TRUE,1,0.1,50,0.1,1,1,affirm,2000,2000
54,0.0371328553650723,2.1426727460518,2.00957523712924,1.02116344845786,1.27035333363577,2.48973923772827,1.35019357272369,1,50,1,affirm,TRUE,TRUE,TRUE,1,0.1,50,0.1,1,1,affirm,2000,2000
55,0.042328292036331,2.08471727327056,2.00957523712924,1.29407692498865,1.23139102189609,1.94418277516349,0.869720791733859,1,50,1,affirm,TRUE,TRUE,TRUE,1,0.1,50,0.1,1,1,affirm,2000,2000
60,0.0321133549608958,2.20587037012222,2.00957523712924,1.11981251219087,1.32967775139514,2.02069476605299,0.839153593732189,1,50,1,affirm,TRUE,TRUE,TRUE,1,0.1,50,0.1,1,1,affirm,2000,2000
64,0.0128860527964147,2.58131349492563,2.00957523712924,1.62797105063244,1.66214189587872,3.01063169111041,1.36029704305644,1,50,1,affirm,TRUE,TRUE,TRUE,1,0.1,50,0.1,1,1,affirm,2000,2000
72,0.0217744518423521,2.36990015342335,2.00957523712924,1.42256008079663,0.839494149771522,2.20175558359074,0.863133781799,1,50,1,affirm,TRUE,TRUE,TRUE,1,0.1,50,0.1,1,1,affirm,2000,2000
76,0.016190239514174,2.49061443118361,2.00957523712924,0.985351197511667,1.62815693041091,2.40289704924083,0.930802043050845,1,50,1,affirm,TRUE,TRUE,TRUE,1,0.1,50,0.1,1,1,affirm,2000,2000
78,0.00518759175256489,2.92625292746232,2.00957523712924,0.531022884607028,1.16743057597182,2.84402351513851,0.944588477391564,1,50,1,affirm,TRUE,TRUE,TRUE,1,0.1,50,0.1,1,1,affirm,2000,2000
80,0.00238888698562311,3.20336528765845,2.00957523712924,1.67466624427616,2.18640662313031,3.17519255296731,0.98248788610316,1,50,1,affirm,TRUE,TRUE,TRUE,1,0.1,50,0.1,1,1,affirm,2000,2000
85,0.0306226238836544,2.22632055657388,2.00957523712924,0.9579010787467,0.769353655810277,2.28094747940967,1.04967578396346,1,50,1,affirm,TRUE,TRUE,TRUE,1,0.1,50,0.1,1,1,affirm,2000,2000
89,0.0224662192054308,2.35694898993397,2.00957523712924,1.23656648520212,1.58088779604566,2.00563881322274,0.724110898683241,1,50,1,affirm,TRUE,TRUE,TRUE,1,0.1,50,0.1,1,1,affirm,2000,2000
95,0.0114082268424213,2.62896508821791,2.00957523712924,1.24261043348499,1.51617473481971,2.88563705151091,1.20479671202228,1,50,1,affirm,TRUE,TRUE,TRUE,1,0.1,50,0.1,1,1,affirm,2000,2000
99,0.0222628871634732,2.36071821858795,2.00957523712924,0.546148857595356,0.467138616723356,2.10603183589608,0.795868948238948,1,50,1,affirm,TRUE,TRUE,TRUE,1,0.1,50,0.1,1,1,affirm,2000,2000
111,0.0478181352920763,2.02986627642026,2.00957523712924,1.35633918721582,1.60863951605595,1.9614494910884,0.933725891368135,1,50,1,affirm,TRUE,TRUE,TRUE,1,0.1,50,0.1,1,1,affirm,2000,2000
114,0.0152330343979149,2.51501527949549,2.00957523712924,0.950832148800986,1.37058839303382,2.29932250081233,0.835831092811301,1,50,1,affirm,TRUE,TRUE,TRUE,1,0.1,50,0.1,1,1,affirm,2000,2000
116,0.00167044820052106,3.3270144240433,2.00957523712924,1.07622257771405,0.719875729376492,2.80063743599455,0.708605325548613,1,50,1,affirm,TRUE,TRUE,TRUE,1,0.1,50,0.1,1,1,affirm,2000,2000
119,0.0277810431751399,2.26787362602301,2.00957523712924,1.05210588049321,0.495099798950252,2.30966101069697,1.03719110904187,1,50,1,affirm,TRUE,TRUE,TRUE,1,0.1,50,0.1,1,1,affirm,2000,2000
121,0.0150700365535648,2.51930835311441,2.00957523712924,1.47981390221027,1.69268563157992,2.39845053533448,0.906356135675875,1,50,1,affirm,TRUE,TRUE,TRUE,1,0.1,50,0.1,1,1,affirm,2000,2000
126,0.0474059150491477,2.03378960918616,2.00957523712924,0.7349662396736,1.18271040426812,1.78663647921295,0.771721048821497,1,50,1,affirm,TRUE,TRUE,TRUE,1,0.1,50,0.1,1,1,affirm,2000,2000
139,0.0292121875741859,2.24649732570956,2.00957523712924,1.25505851676457,1.96404465661947,2.39683937071037,1.1383244072207,1,50,1,affirm,TRUE,TRUE,TRUE,1,0.1,50,0.1,1,1,affirm,2000,2000
140,0.0302616781734003,2.23140434271344,2.00957523712924,0.874165918701664,0.824722016723631,1.96428629508054,0.774913140063342,1,50,1,affirm,TRUE,TRUE,TRUE,1,0.1,50,0.1,1,1,affirm,2000,2000
141,0.00132984852175356,3.40462746621483,2.00957523712924,1.19346412320837,1.37255981921853,3.17208480091799,0.868061272612132,1,50,1,affirm,TRUE,TRUE,TRUE,1,0.1,50,0.1,1,1,affirm,2000,2000
143,0.000563424485146803,3.68959013085585,2.00957523712924,0.710143813541427,1.1701076870473,3.77827117369301,1.04864864933281,1,50,1,affirm,TRUE,TRUE,TRUE,1,0.1,50,0.1,1,1,affirm,2000,2000
146,0.0280129046340843,2.26434500293099,2.00957523712924,1.02883531665202,1.41753681636341,1.88611598350258,0.693827636607934,1,50,1,affirm,TRUE,TRUE,TRUE,1,0.1,50,0.1,1,1,affirm,2000,2000
147,0.00564563729062989,2.89516227101918,2.00957523712924,0.83062130011019,0.977202113562343,2.58781667103708,0.798952925957891,1,50,1,affirm,TRUE,TRUE,TRUE,1,0.1,50,0.1,1,1,affirm,2000,2000
184,0.0290261121411131,2.24922336630891,2.00957523712924,1.55308509634679,2.19250017588312,2.2663596546274,1.01529556129663,1,50,1,affirm,TRUE,TRUE,TRUE,1,0.1,50,0.1,1,1,affirm,2000,2000
193,0.0346896573497273,2.17242629936061,2.00957523712924,1.04035158552516,0.636162724187824,1.93793142857381,0.795768435262584,1,50,1,affirm,TRUE,TRUE,TRUE,1,0.1,50,0.1,1,1,affirm,2000,2000
196,0.00983438270041549,2.68637531698754,2.00957523712924,1.31143067008112,1.74779734547258,2.25910336199908,0.707194422690143,1,50,1,affirm,TRUE,TRUE,TRUE,1,0.1,50,0.1,1,1,affirm,2000,2000
200,0.000191214162701376,4.03457693017432,2.00957523712924,0.80721349080374,0.760078010063182,3.73390620233863,0.856506782340482,1,50,1,affirm,TRUE,TRUE,TRUE,1,0.1,50,0.1,1,1,affirm,2000,2000
203,0.00506562744957117,2.93496226357696,2.00957523712924,0.704853297343408,0.593861970263483,3.01842340814344,1.05768239853442,1,50,1,affirm,TRUE,TRUE,TRUE,1,0.1,50,0.1,1,1,affirm,2000,2000
220,0.011566371215579,2.62360453596679,2.00957523712924,0.904925109093242,1.13650960419746,2.01109391073776,0.58758128667523,1,50,1,affirm,TRUE,TRUE,TRUE,1,0.1,50,0.1,1,1,affirm,2000,2000
226,0.00544466995054939,2.90850300757967,2.00957523712924,0.541568466813323,0.575666108033056,3.08179495022862,1.12271220518666,1,50,1,affirm,TRUE,TRUE,TRUE,1,0.1,50,0.1,1,1,affirm,2000,2000
229,0.0384483407790791,2.12735786354123,2.00957523712924,1.06511915951449,1.17532838228992,1.86997323388928,0.772662214765603,1,50,1,affirm,TRUE,TRUE,TRUE,1,0.1,50,0.1,1,1,affirm,2000,2000
234,0.0179733130551971,2.44845280078034,2.00957523712924,0.820343883742961,0.856994695172233,2.70099794011733,1.21692841813054,1,50,1,affirm,TRUE,TRUE,TRUE,1,0.1,50,0.1,1,1,affirm,2000,2000
239,0.049965032403785,2.00989433908835,2.00957523712924,1.31604169923066,1.49891892008316,1.6769757239398,0.69615684470933,1,50,1,affirm,TRUE,TRUE,TRUE,1,0.1,50,0.1,1,1,affirm,2000,2000
243,0.00769047700229561,2.77996830479569,2.00957523712924,1.0694440487574,1.63582984398051,2.72533771742839,0.96108315308134,1,50,1,affirm,TRUE,TRUE,TRUE,1,0.1,50,0.1,1,1,affirm,2000,2000
261,0.0243393127945616,2.32359415352356,2.00957523712924,1.23499787694942,0.91851901086759,2.31723403507475,0.99453311240847,1,50,1,affirm,TRUE,TRUE,TRUE,1,0.1,50,0.1,1,1,affirm,2000,2000
267,0.0239524821256297,2.33028974774484,2.00957523712924,0.39949881387308,0.57654393658165,1.98531642752997,0.725837869994843,1,50,1,affirm,TRUE,TRUE,TRUE,1,0.1,50,0.1,1,1,affirm,2000,2000
276,0.0325828557395907,2.19960331685835,2.00957523712924,0.94268257020465,0.642061044086468,2.42036907314595,1.21080570393357,1,50,1,affirm,TRUE,TRUE,TRUE,1,0.1,50,0.1,1,1,affirm,2000,2000
281,0.00351949256835204,3.06656711348515,2.00957523712924,1.46194175129883,1.2533447887303,2.34108280301147,0.582812156325865,1,50,1,affirm,TRUE,TRUE,TRUE,1,0.1,50,0.1,1,1,affirm,2000,2000
290,0.0360043418766101,2.15619512941872,2.00957523712924,1.29481927205248,1.38037865097002,2.04795158139258,0.902117791232433,1,50,1,affirm,TRUE,TRUE,TRUE,1,0.1,50,0.1,1,1,affirm,2000,2000
291,0.000573734915186174,3.68368143584805,2.00957523712924,0.573048725971857,1.16770276655511,3.07618517863053,0.697366080707085,1,50,1,affirm,TRUE,TRUE,TRUE,1,0.1,50,0.1,1,1,affirm,2000,2000
297,0.000375209151913607,3.82096100201515,2.00957523712924,1.12175771048906,1.55175590880585,3.8526105366092,1.016634879684,1,50,1,affirm,TRUE,TRUE,TRUE,1,0.1,50,0.1,1,1,affirm,2000,2000
304,0.02820156069926,2.26149300316398,2.00957523712924,1.0233330461947,1.22283005243817,2.10551365188423,0.866813420135632,1,50,1,affirm,TRUE,TRUE,TRUE,1,0.1,50,0.1,1,1,affirm,2000,2000
313,0.0290279764231963,2.24919597743519,2.00957523712924,1.35323438942549,1.45448388405729,1.92520558818828,0.732655190921586,1,50,1,affirm,TRUE,TRUE,TRUE,1,0.1,50,0.1,1,1,affirm,2000,2000
314,0.00562650650740324,2.89641303886602,2.00957523712924,1.28069885335542,1.73508991819686,2.76316097111435,0.910104756584787,1,50,1,affirm,TRUE,TRUE,TRUE,1,0.1,50,0.1,1,1,affirm,2000,2000
316,0.000446785436787844,3.76479458075925,2.00957523712924,1.27825703815275,1.39109102242972,3.60391592128099,0.916361282655761,1,50,1,affirm,TRUE,TRUE,TRUE,1,0.1,50,0.1,1,1,affirm,2000,2000
319,0.0340734718083748,2.18022087455578,2.00957523712924,0.957315446932343,1.54198431652525,1.72786779528545,0.628087330830439,1,50,1,affirm,TRUE,TRUE,TRUE,1,0.1,50,0.1,1,1,affirm,2000,2000
333,0.000741127708471103,3.59979321566455,2.00957523712924,1.17768541125357,1.19899460132485,3.14426378768564,0.76292674500682,1,50,1,affirm,TRUE,TRUE,TRUE,1,0.1,50,0.1,1,1,affirm,2000,2000
345,7.80236447502163e-05,4.31176208491629,2.00957523712924,1.56732612164247,1.97553387213015,4.22839803328178,0.961705601823912,1,50,1,affirm,TRUE,TRUE,TRUE,1,0.1,50,0.1,1,1,affirm,2000,2000
349,0.00192152956460371,3.27889856066005,2.00957523712924,1.98101175016772,1.9372757526121,3.29290878169994,1.00856394458228,1,50,1,affirm,TRUE,TRUE,TRUE,1,0.1,50,0.1,1,1,affirm,2000,2000
353,0.0112965470313317,2.63279176155692,2.00957523712924,1.00035952611776,1.27474692096788,2.85466314382702,1.17564639180347,1,50,1,affirm,TRUE,TRUE,TRUE,1,0.1,50,0.1,1,1,affirm,2000,2000
359,0.0311888366742653,2.2184515203126,2.00957523712924,0.931435262495849,1.0659322427277,2.23780860357994,1.01752712027903,1,50,1,affirm,TRUE,TRUE,TRUE,1,0.1,50,0.1,1,1,affirm,2000,2000
362,0.0207175072807317,2.3904193752185,2.00957523712924,0.866022983981337,0.997565137966126,2.0197659439799,0.713927136235648,1,50,1,affirm,TRUE,TRUE,TRUE,1,0.1,50,0.1,1,1,affirm,2000,2000
363,0.0464007804045619,2.04348147415228,2.00957523712924,0.559212184247503,1.49683944318893,2.40886952602315,1.38958508940338,1,50,1,affirm,TRUE,TRUE,TRUE,1,0.1,50,0.1,1,1,affirm,2000,2000
366,0.0223529490507899,2.35904492379259,2.00957523712924,1.37517357748932,1.49872655641004,2.43066751231694,1.06164346326131,1,50,1,affirm,TRUE,TRUE,TRUE,1,0.1,50,0.1,1,1,affirm,2000,2000
367,0.0184628147013271,2.43754058358377,2.00957523712924,1.92658029731471,2.25837130954606,2.22208933293879,0.831035007258562,1,50,1,affirm,TRUE,TRUE,TRUE,1,0.1,50,0.1,1,1,affirm,2000,2000
372,0.0172721925493821,2.46455949900622,2.00957523712924,0.797375048079868,0.759230927853153,2.35576525353288,0.913661677114862,1,50,1,affirm,TRUE,TRUE,TRUE,1,0.1,50,0.1,1,1,affirm,2000,2000
407,0.000684011219525495,3.62616957547521,2.00957523712924,1.6895279140758,2.17953671895542,3.77422066929088,1.0833239832343,1,50,1,affirm,TRUE,TRUE,TRUE,1,0.1,50,0.1,1,1,affirm,2000,2000
409,0.0181368563900627,2.4447774914031,2.00957523712924,1.55995269776695,1.68502049977087,2.3832064206342,0.950264802859568,1,50,1,affirm,TRUE,TRUE,TRUE,1,0.1,50,0.1,1,1,affirm,2000,2000
412,0.0264581100562028,2.28852263979384,2.00957523712924,1.09444543011141,1.67152756161446,2.27744987451512,0.990346629823353,1,50,1,affirm,TRUE,TRUE,TRUE,1,0.1,50,0.1,1,1,affirm,2000,2000
415,0.0143068147363662,2.53998887268645,2.00957523712924,1.39685527526847,1.88775313582301,2.36642865703103,0.86800695243423,1,50,1,affirm,TRUE,TRUE,TRUE,1,0.1,50,0.1,1,1,affirm,2000,2000
427,0.0102047471468112,2.67214465227204,2.00957523712924,1.29651735699931,1.24081323562061,2.59089397850045,0.94011147729995,1,50,1,affirm,TRUE,TRUE,TRUE,1,0.1,50,0.1,1,1,affirm,2000,2000
438,0.0189676341798118,2.4265569062372,2.00957523712924,1.0970705094802,0.727284846145215,2.64179113138455,1.18526645848504,1,50,1,affirm,TRUE,TRUE,TRUE,1,0.1,50,0.1,1,1,affirm,2000,2000
442,0.00483017969879925,2.95234267905839,2.00957523712924,0.979551925976094,1.23235368577511,3.01364828015697,1.04196132723589,1,50,1,affirm,TRUE,TRUE,TRUE,1,0.1,50,0.1,1,1,affirm,2000,2000
448,0.00494156740476334,2.94402402927317,2.00957523712924,1.24530819942066,1.38897348578626,3.11997625045961,1.12310374513201,1,50,1,affirm,TRUE,TRUE,TRUE,1,0.1,50,0.1,1,1,affirm,2000,2000
454,0.00330722962639931,3.08874308879222,2.00957523712924,0.582358564095997,1.17026971530707,2.74836737533352,0.791746214950489,1,50,1,affirm,TRUE,TRUE,TRUE,1,0.1,50,0.1,1,1,affirm,2000,2000
459,0.0435878960218277,2.07160738536731,2.00957523712924,0.823932876170006,1.24177133189302,2.11459687545192,1.0419341464859,1,50,1,affirm,TRUE,TRUE,TRUE,1,0.1,50,0.1,1,1,affirm,2000,2000
460,0.0109052534000846,2.64647821775736,2.00957523712924,1.51213630497026,1.78810723087636,2.68361331792285,1.0282606807776,1,50,1,affirm,TRUE,TRUE,TRUE,1,0.1,50,0.1,1,1,affirm,2000,2000
461,0.0341982097544847,2.17863300842368,2.00957523712924,1.19044912790224,1.46813990029278,1.77801151964,0.666041027554845,1,50,1,affirm,TRUE,TRUE,TRUE,1,0.1,50,0.1,1,1,affirm,2000,2000
467,0.00165289422596567,3.33063007553512,2.00957523712924,1.1592302702222,1.65549354309645,3.64661393317993,1.19874490750551,1,50,1,affirm,TRUE,TRUE,TRUE,1,0.1,50,0.1,1,1,affirm,2000,2000
470,0.000693203218912112,3.62178551926609,2.00957523712924,1.5778519688844,1.55585025057227,3.53190721456144,0.950983793328521,1,50,1,affirm,TRUE,TRUE,TRUE,1,0.1,50,0.1,1,1,affirm,2000,2000
478,0.0414879140152075,2.0936543424301,2.00957523712924,0.80932794310774,1.21928653671881,2.06245836650339,0.970421514804891,1,50,1,affirm,TRUE,TRUE,TRUE,1,0.1,50,0.1,1,1,affirm,2000,2000
486,9.90325711812703e-05,4.23871413715398,2.00957523712924,1.13415679255987,1.2711720941667,4.05761210970426,0.916374085964476,1,50,1,affirm,TRUE,TRUE,TRUE,1,0.1,50,0.1,1,1,affirm,2000,2000
489,0.0425807819331715,2.08206238083413,2.00957523712924,0.763419864553263,1.11606162595054,1.86714637152698,0.804209604367322,1,50,1,affirm,TRUE,TRUE,TRUE,1,0.1,50,0.1,1,1,affirm,2000,2000
505,0.0130875095366608,2.57520857453148,2.00957523712924,1.02588914214297,1.83266991122846,2.37137822648612,0.847962870672392,1,50,1,affirm,TRUE,TRUE,TRUE,1,0.1,50,0.1,1,1,affirm,2000,2000
506,0.0249103829134816,2.3138813035196,2.00957523712924,0.432746093459148,0.591436627307334,2.00565833567101,0.751331767311828,1,50,1,affirm,TRUE,TRUE,TRUE,1,0.1,50,0.1,1,1,affirm,2000,2000
508,0.00366409797017634,3.05216700553154,2.00957523712924,1.24145030679753,1.71922279674898,2.89838661105885,0.901770539947859,1,50,1,affirm,TRUE,TRUE,TRUE,1,0.1,50,0.1,1,1,affirm,2000,2000
520,0.00298502723558666,3.12510086903749,2.00957523712924,0.93754723556867,0.765690538090598,3.11722484410361,0.994965858382902,1,50,1,affirm,TRUE,TRUE,TRUE,1,0.1,50,0.1,1,1,affirm,2000,2000
531,0.0141415891348362,2.54459762101115,2.00957523712924,1.73759512895518,1.42603740765451,2.09980048059606,0.680954082511678,1,50,1,affirm,TRUE,TRUE,TRUE,1,0.1,50,0.1,1,1,affirm,2000,2000
532,0.040657671914631,2.10264014756929,2.00957523712924,0.775317256895857,0.854878331503342,2.01385221913449,0.917329353730791,1,50,1,affirm,TRUE,TRUE,TRUE,1,0.1,50,0.1,1,1,affirm,2000,2000
535,0.0436828688274487,2.07063234731693,2.00957523712924,0.749615736967854,0.764754455153455,2.40777652360348,1.3521546400416,1,50,1,affirm,TRUE,TRUE,TRUE,1,0.1,50,0.1,1,1,affirm,2000,2000
541,0.000937380648232778,3.52200084756997,2.00957523712924,1.41029506963943,1.33611165761303,3.25080061245503,0.851925766174522,1,50,1,affirm,TRUE,TRUE,TRUE,1,0.1,50,0.1,1,1,affirm,2000,2000
547,0.00374373860663749,3.04446210979402,2.00957523712924,1.07026403703683,1.15570583901745,3.20750873411944,1.10997845365278,1,50,1,affirm,TRUE,TRUE,TRUE,1,0.1,50,0.1,1,1,affirm,2000,2000
550,0.0203757200504651,2.39725618177316,2.00957523712924,1.31028307975504,0.701444385431781,2.24271960567888,0.875227721567918,1,50,1,affirm,TRUE,TRUE,TRUE,1,0.1,50,0.1,1,1,affirm,2000,2000
551,0.000301914034160214,3.89037797755862,2.00957523712924,1.44967302999443,1.65182098263638,4.15219424323167,1.1391259033872,1,50,1,affirm,TRUE,TRUE,TRUE,1,0.1,50,0.1,1,1,affirm,2000,2000
563,0.00338215311390544,3.08076687462338,2.00957523712924,0.955803790566998,1.11297261197276,3.04788638998463,0.97876825988706,1,50,1,affirm,TRUE,TRUE,TRUE,1,0.1,50,0.1,1,1,affirm,2000,2000
565,0.00585816643677347,2.88152603721217,2.00957523712924,1.07889166381993,1.02340166430241,2.87827838795377,0.9977471526749,1,50,1,affirm,TRUE,TRUE,TRUE,1,0.1,50,0.1,1,1,affirm,2000,2000
570,0.0115271109429263,2.62492903968555,2.00957523712924,1.85528475580355,1.96202516486817,3.18189931796879,1.46939220638036,1,50,1,affirm,TRUE,TRUE,TRUE,1,0.1,50,0.1,1,1,affirm,2000,2000
577,0.00178321239485336,3.30461238006289,2.00957523712924,1.12418014360452,1.32857906113912,2.90545257320543,0.773012524166868,1,50,1,affirm,TRUE,TRUE,TRUE,1,0.1,50,0.1,1,1,affirm,2000,2000
598,0.0261929927554926,2.29277094905643,2.00957523712924,1.18632783127723,1.30415317079227,2.3244384496697,1.02781454872077,1,50,1,affirm,TRUE,TRUE,TRUE,1,0.1,50,0.1,1,1,affirm,2000,2000
601,0.0394947698187232,2.11549981294877,2.00957523712924,0.902218206305903,0.817986664573488,2.13399617114529,1.01756295820771,1,50,1,affirm,TRUE,TRUE,TRUE,1,0.1,50,0.1,1,1,affirm,2000,2000
609,0.00255033902066177,3.18049498918362,2.00957523712924,1.33805163701488,1.34045497984511,3.05662108817906,0.923620957481915,1,50,1,affirm,TRUE,TRUE,TRUE,1,0.1,50,0.1,1,1,affirm,2000,2000
610,0.00235919466983314,3.20772946295726,2.00957523712924,0.961712763199072,1.29719495230807,2.78015879316218,0.751179518068389,1,50,1,affirm,TRUE,TRUE,TRUE,1,0.1,50,0.1,1,1,affirm,2000,2000
615,0.00516007087291399,2.92820137299632,2.00957523712924,0.976771612579521,1.13436544541284,2.85235015046,0.948863619883089,1,50,1,affirm,TRUE,TRUE,TRUE,1,0.1,50,0.1,1,1,affirm,2000,2000
619,0.031177252175596,2.21861124673197,2.00957523712924,1.34506306478246,1.90008874418193,2.16711004864659,0.954112336869762,1,50,1,affirm,TRUE,TRUE,TRUE,1,0.1,50,0.1,1,1,affirm,2000,2000
644,0.00562717943794895,2.89636897571562,2.00957523712924,1.01668545166595,0.672075000618079,3.42268730248311,1.39645412610601,1,50,1,affirm,TRUE,TRUE,TRUE,1,0.1,50,0.1,1,1,affirm,2000,2000
652,0.00129484100375731,3.41364984476097,2.00957523712924,1.05729810520777,1.47548491557976,2.62983664891078,0.593498470487217,1,50,1,affirm,TRUE,TRUE,TRUE,1,0.1,50,0.1,1,1,affirm,2000,2000
660,0.00945116628234939,2.70162759830481,2.00957523712924,1.44480147949114,1.35219902743545,2.85684240971278,1.11820543890637,1,50,1,affirm,TRUE,TRUE,TRUE,1,0.1,50,0.1,1,1,affirm,2000,2000
661,0.0178152031738054,2.45203482218137,2.00957523712924,1.05463385156324,1.23721791476145,2.94230612667419,1.43986722196769,1,50,1,affirm,TRUE,TRUE,TRUE,1,0.1,50,0.1,1,1,affirm,2000,2000
662,0.0480637536162175,2.0275424973791,2.00957523712924,1.00790204965622,1.8129807484674,1.851956512157,0.834298834747317,1,50,1,affirm,TRUE,TRUE,TRUE,1,0.1,50,0.1,1,1,affirm,2000,2000
664,0.020237998236096,2.40004022193703,2.00957523712924,1.08626626647086,1.02563798717854,2.22059660831658,0.85605625359838,1,50,1,affirm,TRUE,TRUE,TRUE,1,0.1,50,0.1,1,1,affirm,2000,2000
669,0.00293422609026889,3.13116749296381,2.00957523712924,1.25636987072719,1.412119684151,3.27824799270981,1.09615257581277,1,50,1,affirm,TRUE,TRUE,TRUE,1,0.1,50,0.1,1,1,affirm,2000,2000
684,0.00421473532718829,3.00180977129892,2.00957523712924,1.31413421319921,1.23798833246851,2.42536266670235,0.652810366900888,1,50,1,affirm,TRUE,TRUE,TRUE,1,0.1,50,0.1,1,1,affirm,2000,2000
685,0.0431634568432766,2.07598762424166,2.00957523712924,0.936346571101111,0.583007793609785,2.09188803864042,1.01537707303994,1,50,1,affirm,TRUE,TRUE,TRUE,1,0.1,50,0.1,1,1,affirm,2000,2000
702,0.0138753144912135,2.55212909376921,2.00957523712924,1.3358007595388,2.16532472405577,2.90974441112835,1.29988343248183,1,50,1,affirm,TRUE,TRUE,TRUE,1,0.1,50,0.1,1,1,affirm,2000,2000
705,0.047589696701231,2.03203681836866,2.00957523712924,0.677978177934572,0.0643275114958222,1.63866195715839,0.650302760229055,1,50,1,affirm,TRUE,TRUE,TRUE,1,0.1,50,0.1,1,1,affirm,2000,2000
709,0.0211800853679781,2.38132600560553,2.00957523712924,0.499707049693412,0.83624492025818,2.25228850753704,0.89456176563181,1,50,1,affirm,TRUE,TRUE,TRUE,1,0.1,50,0.1,1,1,affirm,2000,2000
717,0.046181028373076,2.04562463523242,2.00957523712924,1.19850956543588,1.17773629634449,1.98318848795883,0.93988797906013,1,50,1,affirm,TRUE,TRUE,TRUE,1,0.1,50,0.1,1,1,affirm,2000,2000
730,0.0082484414769848,2.75349363851137,2.00957523712924,0.528157274968797,0.525403382772733,2.63356979899495,0.914790216974805,1,50,1,affirm,TRUE,TRUE,TRUE,1,0.1,50,0.1,1,1,affirm,2000,2000
741,0.0157431031703976,2.50184516762886,2.00957523712924,0.882319512871612,1.12110123839158,2.55986038423278,1.04691567165636,1,50,1,affirm,TRUE,TRUE,TRUE,1,0.1,50,0.1,1,1,affirm,2000,2000
750,0.00372614738023336,3.04615068267198,2.00957523712924,1.20517650501614,1.30840903282776,2.44084088185521,0.642060824692124,1,50,1,affirm,TRUE,TRUE,TRUE,1,0.1,50,0.1,1,1,affirm,2000,2000
751,0.0261279264250284,2.29381944085738,2.00957523712924,1.64984370811937,2.46333027082177,2.37445943054352,1.07154656650788,1,50,1,affirm,TRUE,TRUE,TRUE,1,0.1,50,0.1,1,1,affirm,2000,2000
753,0.0239710450019047,2.32996624590595,2.00957523712924,1.14507472164147,1.01357954225794,2.07188752135675,0.79073887505672,1,50,1,affirm,TRUE,TRUE,TRUE,1,0.1,50,0.1,1,1,affirm,2000,2000
756,0.017429147231017,2.46090315637018,2.00957523712924,1.27616497070454,1.34286804204566,3.03190235209282,1.51789375191181,1,50,1,affirm,TRUE,TRUE,TRUE,1,0.1,50,0.1,1,1,affirm,2000,2000
759,0.0231148572971891,2.34512589181959,2.00957523712924,1.02109741605087,1.7689075163857,3.01649165749283,1.65451966686768,1,50,1,affirm,TRUE,TRUE,TRUE,1,0.1,50,0.1,1,1,affirm,2000,2000
762,0.0239205482947273,2.33084679469921,2.00957523712924,1.34377590402432,1.96141035405391,2.25050874813092,0.932253352648131,1,50,1,affirm,TRUE,TRUE,TRUE,1,0.1,50,0.1,1,1,affirm,2000,2000
763,0.00799083152283491,2.76550462361992,2.00957523712924,1.32476788012856,1.49415594552692,2.48417956186239,0.806895309604859,1,50,1,affirm,TRUE,TRUE,TRUE,1,0.1,50,0.1,1,1,affirm,2000,2000
764,0.00423981985705613,2.99966536359996,2.00957523712924,1.13841074080609,1.11657081114297,3.13257573608742,1.09058003409536,1,50,1,affirm,TRUE,TRUE,TRUE,1,0.1,50,0.1,1,1,affirm,2000,2000
766,0.00155742166117504,3.35095628439363,2.00957523712924,1.1881041019458,1.65425085786623,3.65926661367069,1.19247856747728,1,50,1,affirm,TRUE,TRUE,TRUE,1,0.1,50,0.1,1,1,affirm,2000,2000
773,0.0136713988498274,2.55798621934097,2.00957523712924,0.977677977818902,1.22174187605358,2.35509014624122,0.847654105433453,1,50,1,affirm,TRUE,TRUE,TRUE,1,0.1,50,0.1,1,1,affirm,2000,2000
776,0.026544655121616,2.28714402485164,2.00957523712924,0.956726718271014,1.30543673439704,2.61751288689805,1.30975670319167,1,50,1,affirm,TRUE,TRUE,TRUE,1,0.1,50,0.1,1,1,affirm,2000,2000
788,0.00311440974450148,3.1100778860727,2.00957523712924,1.40469186213426,0.813431139812293,2.49552310021324,0.643844007886505,1,50,1,affirm,TRUE,TRUE,TRUE,1,0.1,50,0.1,1,1,affirm,2000,2000
795,0.035066575136653,2.16771827456749,2.00957523712924,1.05089593168479,1.54106763463786,2.02264306496972,0.87062838393706,1,50,1,affirm,TRUE,TRUE,TRUE,1,0.1,50,0.1,1,1,affirm,2000,2000
811,0.043129798295709,2.07633658569961,2.00957523712924,1.52851121341188,1.60591053095346,1.91847877555106,0.853725954721153,1,50,1,affirm,TRUE,TRUE,TRUE,1,0.1,50,0.1,1,1,affirm,2000,2000
818,0.028977782479049,2.24993394088073,2.00957523712924,0.65959184504922,0.85684959568027,2.2323009669575,0.98438720546506,1,50,1,affirm,TRUE,TRUE,TRUE,1,0.1,50,0.1,1,1,affirm,2000,2000
823,0.0470342218059117,2.03735265654806,2.00957523712924,1.14378317087774,1.31516288475861,2.24824945981098,1.21774561848488,1,50,1,affirm,TRUE,TRUE,TRUE,1,0.1,50,0.1,1,1,affirm,2000,2000
827,0.0294446534164536,2.24311321273227,2.00957523712924,1.48995629135524,1.83766575159872,2.15398890655518,0.922113833845513,1,50,1,affirm,TRUE,TRUE,TRUE,1,0.1,50,0.1,1,1,affirm,2000,2000
833,0.0182743660347232,2.44171031341016,2.00957523712924,1.59410194439891,1.89946018207439,2.18886372436631,0.803617105620149,1,50,1,affirm,TRUE,TRUE,TRUE,1,0.1,50,0.1,1,1,affirm,2000,2000
840,0.00240445409052022,3.20109764251114,2.00957523712924,1.27310922780568,1.16909915505852,2.90869179138941,0.825653008081101,1,50,1,affirm,TRUE,TRUE,TRUE,1,0.1,50,0.1,1,1,affirm,2000,2000
842,0.0210629504269759,2.38361165359703,2.00957523712924,0.946127654130883,0.449252738082791,2.33112792857412,0.956447673342114,1,50,1,affirm,TRUE,TRUE,TRUE,1,0.1,50,0.1,1,1,affirm,2000,2000
857,0.027172353322896,2.2772631966585,2.00957523712924,1.32599129755433,1.48053381803832,2.39996483743188,1.11066555318966,1,50,1,affirm,TRUE,TRUE,TRUE,1,0.1,50,0.1,1,1,affirm,2000,2000
859,0.0244855543090099,2.32108762606526,2.00957523712924,0.816127018544529,0.802708641302463,2.72823794497112,1.38159711334307,1,50,1,affirm,TRUE,TRUE,TRUE,1,0.1,50,0.1,1,1,affirm,2000,2000
861,0.0143538491794239,2.53868575870464,2.00957523712924,1.39628684973103,1.97359379844735,2.24735114102897,0.78365331670421,1,50,1,affirm,TRUE,TRUE,TRUE,1,0.1,50,0.1,1,1,affirm,2000,2000
862,0.006445236739494,2.84611684439444,2.00957523712924,1.50021811791888,1.13504738811463,2.50766745287622,0.776308667806661,1,50,1,affirm,TRUE,TRUE,TRUE,1,0.1,50,0.1,1,1,affirm,2000,2000
866,0.0150032355188423,2.52107996079986,2.00957523712924,0.809776445385028,1.02915932748609,2.3300132325365,0.854168466006579,1,50,1,affirm,TRUE,TRUE,TRUE,1,0.1,50,0.1,1,1,affirm,2000,2000
872,0.023148992324656,2.34451195604969,2.00957523712924,0.858173569033426,1.49356764582599,2.26788332949356,0.935699750579317,1,50,1,affirm,TRUE,TRUE,TRUE,1,0.1,50,0.1,1,1,affirm,2000,2000
874,0.0219066466234833,2.36739698273178,2.00957523712924,0.380959720590902,0.475243797144574,2.19554640500745,0.86008834382782,1,50,1,affirm,TRUE,TRUE,TRUE,1,0.1,50,0.1,1,1,affirm,2000,2000
881,0.0142842530158824,2.54061533984022,2.00957523712924,1.28688049832491,1.6177330495399,2.29695959105648,0.817389167815481,1,50,1,affirm,TRUE,TRUE,TRUE,1,0.1,50,0.1,1,1,affirm,2000,2000
882,0.0147017595069173,2.52916549184032,2.00957523712924,0.488291244883635,0.890785186211154,2.17556544154469,0.739928589099506,1,50,1,affirm,TRUE,TRUE,TRUE,1,0.1,50,0.1,1,1,affirm,2000,2000
889,0.0178047313103948,2.45227307738758,2.00957523712924,1.0680466187467,1.31554222620578,2.46164760548403,1.00766019626045,1,50,1,affirm,TRUE,TRUE,TRUE,1,0.1,50,0.1,1,1,affirm,2000,2000
893,0.0407712560560289,2.10140140333579,2.00957523712924,1.23587936923836,1.34009269000478,1.7116697811991,0.663470978911098,1,50,1,affirm,TRUE,TRUE,TRUE,1,0.1,50,0.1,1,1,affirm,2000,2000
904,0.00461019529866612,2.96931084235611,2.00957523712924,1.79814179078121,2.27361195629207,3.04023438294312,1.04834156294539,1,50,1,affirm,TRUE,TRUE,TRUE,1,0.1,50,0.1,1,1,affirm,2000,2000
906,0.0429016023379125,2.07870872745618,2.00957523712924,1.08214534791004,1.52736689143154,1.82454742874374,0.770411994379202,1,50,1,affirm,TRUE,TRUE,TRUE,1,0.1,50,0.1,1,1,affirm,2000,2000
920,0.0346101377335769,2.17342531568656,2.00957523712924,1.47817752151825,1.5406448310387,1.95621928545074,0.810113052410982,1,50,1,affirm,TRUE,TRUE,TRUE,1,0.1,50,0.1,1,1,affirm,2000,2000
928,0.000505199266335116,3.72504162250721,2.00957523712924,1.13443870011272,1.31038023581701,3.79010745046091,1.03523938339848,1,50,1,affirm,TRUE,TRUE,TRUE,1,0.1,50,0.1,1,1,affirm,2000,2000
932,0.011983384637995,2.60978413833255,2.00957523712924,1.10051736212401,1.10004283085547,2.39151329085233,0.839723723980504,1,50,1,affirm,TRUE,TRUE,TRUE,1,0.1,50,0.1,1,1,affirm,2000,2000
940,0.0401301513007658,2.10843320631288,2.00957523712924,0.511639670548205,0.843694303442502,2.06897099364889,0.962917565620165,1,50,1,affirm,TRUE,TRUE,TRUE,1,0.1,50,0.1,1,1,affirm,2000,2000
942,0.0497537125842967,2.01182688711177,2.00957523712924,0.553073403866351,1.01812205131738,1.91206565220223,0.903284138274019,1,50,1,affirm,TRUE,TRUE,TRUE,1,0.1,50,0.1,1,1,affirm,2000,2000
954,0.0303573317815436,2.23005189028659,2.00957523712924,0.761992310250622,1.23602002643817,2.63046905139843,1.39135020320084,1,50,1,affirm,TRUE,TRUE,TRUE,1,0.1,50,0.1,1,1,affirm,2000,2000
960,0.0458513536603551,2.0488564921309,2.00957523712924,1.04452985541916,1.34530613386563,2.31428205744065,1.27587902001352,1,50,1,affirm,TRUE,TRUE,TRUE,1,0.1,50,0.1,1,1,affirm,2000,2000
979,0.00544678530123098,2.90836021596658,2.00957523712924,1.46335749710987,1.5708728052807,2.81569708146473,0.937293210095899,1,50,1,affirm,TRUE,TRUE,TRUE,1,0.1,50,0.1,1,1,affirm,2000,2000
980,0.0260092652890664,2.29573757408278,2.00957523712924,0.627408677364448,0.545528718501579,2.02877950091504,0.780953564392067,1,50,1,affirm,TRUE,TRUE,TRUE,1,0.1,50,0.1,1,1,affirm,2000,2000
983,0.0469888291915722,2.03778946083554,2.00957523712924,1.42961677489247,1.61739349397923,2.10821255157952,1.0703114357925,1,50,1,affirm,TRUE,TRUE,TRUE,1,0.1,50,0.1,1,1,affirm,2000,2000
986,0.00532861233988809,2.91641739936627,2.00957523712924,1.24256212915249,1.56652103951716,3.12120772306555,1.14537047697072,1,50,1,affirm,TRUE,TRUE,TRUE,1,0.1,50,0.1,1,1,affirm,2000,2000
991,0.021239495231381,2.38017107883595,2.00957523712924,0.926692879403825,0.873823747459938,2.22243546646184,0.871850398727104,1,50,1,affirm,TRUE,TRUE,TRUE,1,0.1,50,0.1,1,1,affirm,2000,2000
994,0.0104837666592628,2.6617334425104,2.00957523712924,1.08510648407327,1.51742937153521,2.28142679213943,0.734655869046129,1,50,1,affirm,TRUE,TRUE,TRUE,1,0.1,50,0.1,1,1,affirm,2000,2000
996,0.0186348985253503,2.4337663530178,2.00957523712924,1.07932305683785,1.19186870752588,2.69395806481795,1.22524770234846,1,50,1,affirm,TRUE,TRUE,TRUE,1,0.1,50,0.1,1,1,affirm,2000,2000
999,0.0339682592560801,2.18156417657975,2.00957523712924,1.14958740356711,1.59354565917478,2.21888556686169,1.03450792869896,1,50,1,affirm,TRUE,TRUE,TRUE,1,0.1,50,0.1,1,1,affirm,2000,2000
1003,0.0331279891129355,2.1924259383549,2.00957523712924,0.826500184493765,0.764560414033435,2.42926167302686,1.22771831169797,1,50,1,affirm,TRUE,TRUE,TRUE,1,0.1,50,0.1,1,1,affirm,2000,2000
1006,0.0167392742798974,2.4772023970384,2.00957523712924,1.38553475410333,1.28565008768709,2.19152454786843,0.782653796357213,1,50,1,affirm,TRUE,TRUE,TRUE,1,0.1,50,0.1,1,1,affirm,2000,2000
1026,0.000776907339676557,3.58424441902256,2.00957523712924,1.23506283977579,2.11834771827868,3.64138349906632,1.03213761194229,1,50,1,affirm,TRUE,TRUE,TRUE,1,0.1,50,0.1,1,1,affirm,2000,2000
1035,0.0439983253043305,2.06740690345719,2.00957523712924,0.952689940435368,1.03170968334849,1.91031209565597,0.853801133099054,1,50,1,affirm,TRUE,TRUE,TRUE,1,0.1,50,0.1,1,1,affirm,2000,2000
1040,0.0335050607033147,2.18752202576869,2.00957523712924,1.19055695782191,1.05610282104734,2.06088582971644,0.887570781820281,1,50,1,affirm,TRUE,TRUE,TRUE,1,0.1,50,0.1,1,1,affirm,2000,2000
1042,0.0429154156005679,2.07856482368417,2.00957523712924,1.70272315428712,1.48795238924096,1.90948302898954,0.843926178914002,1,50,1,affirm,TRUE,TRUE,TRUE,1,0.1,50,0.1,1,1,affirm,2000,2000
1044,0.0455168319127456,2.05215655506126,2.00957523712924,0.780228327598914,0.910120921187255,1.68758007940083,0.676250815857298,1,50,1,affirm,TRUE,TRUE,TRUE,1,0.1,50,0.1,1,1,affirm,2000,2000
1046,0.013633823636884,2.55907417118681,2.00957523712924,1.26253903303225,1.63608312311212,2.19713746971678,0.737137854298234,1,50,1,affirm,TRUE,TRUE,TRUE,1,0.1,50,0.1,1,1,affirm,2000,2000
1051,0.00349279928439789,3.06928579763182,2.00957523712924,1.08784717764743,1.03570119740513,3.08857533889082,1.012608897983,1,50,1,affirm,TRUE,TRUE,TRUE,1,0.1,50,0.1,1,1,affirm,2000,2000
1053,0.0160180050846139,2.49490676923903,2.00957523712924,0.816473820996772,0.651213425212536,2.14599123721913,0.739856077805751,1,50,1,affirm,TRUE,TRUE,TRUE,1,0.1,50,0.1,1,1,affirm,2000,2000
1054,0.0054116514233108,2.91073855951036,2.00957523712924,1.19655335170522,1.73476943932335,2.53621130978179,0.759214460609275,1,50,1,affirm,TRUE,TRUE,TRUE,1,0.1,50,0.1,1,1,affirm,2000,2000
1059,0.0179486395985093,2.4490099062733,2.00957523712924,1.10351249324518,1.15687896836114,2.6937524467892,1.20985766493121,1,50,1,affirm,TRUE,TRUE,TRUE,1,0.1,50,0.1,1,1,affirm,2000,2000
1062,0.00729714959713861,2.79971942732725,2.00957523712924,0.733004203129734,0.729340232445919,2.80862734116901,1.00637355656674,1,50,1,affirm,TRUE,TRUE,TRUE,1,0.1,50,0.1,1,1,affirm,2000,2000
1089,0.00209434590758147,3.2491273628346,2.00957523712924,1.10899372124602,1.20493284708405,2.80418984718954,0.744871493342486,1,50,1,affirm,TRUE,TRUE,TRUE,1,0.1,50,0.1,1,1,affirm,2000,2000
1092,0.0102383057717985,2.67087874265344,2.00957523712924,0.973796945361702,0.977241654048816,2.12343033175528,0.632073656398655,1,50,1,affirm,TRUE,TRUE,TRUE,1,0.1,50,0.1,1,1,affirm,2000,2000
1093,0.01375745365221,2.5555048104196,2.00957523712924,1.54875769014534,1.70470185039627,2.88148867455164,1.27139479266918,1,50,1,affirm,TRUE,TRUE,TRUE,1,0.1,50,0.1,1,1,affirm,2000,2000
1095,0.000192377740819757,4.03267571032878,2.00957523712924,1.35278046149022,1.49563682114484,3.47722350103797,0.743495960925865,1,50,1,affirm,TRUE,TRUE,TRUE,1,0.1,50,0.1,1,1,affirm,2000,2000
1108,0.0336203944275034,2.18603179988437,2.00957523712924,1.31216724918006,1.19173341055328,2.2622795537229,1.07097563412707,1,50,1,affirm,TRUE,TRUE,TRUE,1,0.1,50,0.1,1,1,affirm,2000,2000
1114,0.0469956058591933,2.03772422705457,2.00957523712924,0.38526184584431,1.07946737506171,2.3419389528347,1.32087074818152,1,50,1,affirm,TRUE,TRUE,TRUE,1,0.1,50,0.1,1,1,affirm,2000,2000
1117,0.0100271911982367,2.67890672897335,2.00957523712924,1.08814850034023,1.13222231765954,2.66116683031844,0.986799718654709,1,50,1,affirm,TRUE,TRUE,TRUE,1,0.1,50,0.1,1,1,affirm,2000,2000
1118,0.000204706644014835,4.01318815737205,2.00957523712924,1.40437080832841,1.21317275387418,3.79309825118456,0.893324284965572,1,50,1,affirm,TRUE,TRUE,TRUE,1,0.1,50,0.1,1,1,affirm,2000,2000
1126,0.00178359659295818,3.30453837465016,2.00957523712924,0.878839253524339,0.966632408376864,3.0772369432838,0.867162075499857,1,50,1,affirm,TRUE,TRUE,TRUE,1,0.1,50,0.1,1,1,affirm,2000,2000
1130,0.0450615539219787,2.05668189412486,2.00957523712924,1.00064207403659,0.734094297465044,2.23194390116615,1.17769355849821,1,50,1,affirm,TRUE,TRUE,TRUE,1,0.1,50,0.1,1,1,affirm,2000,2000
1139,0.00637935935229097,2.84993762269725,2.00957523712924,1.29175771353917,1.64881677895507,2.80306053714414,0.967373631447309,1,50,1,affirm,TRUE,TRUE,TRUE,1,0.1,50,0.1,1,1,affirm,2000,2000
1157,0.0476642884789616,2.03132708320418,2.00957523712924,1.04402533553631,1.2140483543033,2.14076858794756,1.11065641515337,1,50,1,affirm,TRUE,TRUE,TRUE,1,0.1,50,0.1,1,1,affirm,2000,2000
1160,0.0408932195753316,2.10007462591311,2.00957523712924,0.559341372525796,0.539599043614114,1.80823029302422,0.741375151957255,1,50,1,affirm,TRUE,TRUE,TRUE,1,0.1,50,0.1,1,1,affirm,2000,2000
1162,0.0384474005179914,2.12736864495557,2.00957523712924,1.36064739525529,1.4405014409756,1.85612532830052,0.761253121176185,1,50,1,affirm,TRUE,TRUE,TRUE,1,0.1,50,0.1,1,1,affirm,2000,2000
1167,0.0222977258433431,2.36007021899897,2.00957523712924,0.817952311473197,1.03826094890662,2.07856250123117,0.775668806545629,1,50,1,affirm,TRUE,TRUE,TRUE,1,0.1,50,0.1,1,1,affirm,2000,2000
1168,0.0111861475064918,2.63660874606989,2.00957523712924,1.2903765076008,1.43725922724602,2.62345157091796,0.990044524597625,1,50,1,affirm,TRUE,TRUE,TRUE,1,0.1,50,0.1,1,1,affirm,2000,2000
1175,0.0351029734577292,2.16726598960076,2.00957523712924,0.625791045144223,0.545631642261278,2.23961222275765,1.06787698459818,1,50,1,affirm,TRUE,TRUE,TRUE,1,0.1,50,0.1,1,1,affirm,2000,2000
1176,0.00620130636453021,2.86045052763759,2.00957523712924,0.676150471345177,1.37808729998068,2.75818242125459,0.929773343131069,1,50,1,affirm,TRUE,TRUE,TRUE,1,0.1,50,0.1,1,1,affirm,2000,2000
1179,0.010183231641116,2.67295827827856,2.00957523712924,1.07095175699016,1.36107522582995,2.6036911012627,0.94884343613276,1,50,1,affirm,TRUE,TRUE,TRUE,1,0.1,50,0.1,1,1,affirm,2000,2000
1186,0.0168821012230974,2.47377866923443,2.00957523712924,0.918838520299986,0.800995406287003,2.52228473831623,1.03960065249093,1,50,1,affirm,TRUE,TRUE,TRUE,1,0.1,50,0.1,1,1,affirm,2000,2000
1194,0.019166123045867,2.42231030801822,2.00957523712924,1.38129809064167,1.45401246158052,2.93374637510949,1.46684956840698,1,50,1,affirm,TRUE,TRUE,TRUE,1,0.1,50,0.1,1,1,affirm,2000,2000
1202,0.0345567583047358,2.17409706326654,2.00957523712924,1.15283677677272,1.48779051832354,2.0339461849296,0.875227706051733,1,50,1,affirm,TRUE,TRUE,TRUE,1,0.1,50,0.1,1,1,affirm,2000,2000
1209,0.0166144430464661,2.48021646362994,2.00957523712924,1.00104974740919,1.56560578749771,2.19534280937334,0.783475680893372,1,50,1,affirm,TRUE,TRUE,TRUE,1,0.1,50,0.1,1,1,affirm,2000,2000
1218,0.000181287642881121,4.05126744981065,2.00957523712924,0.99232417724905,1.38685324738306,3.46927409600428,0.733323153653868,1,50,1,affirm,TRUE,TRUE,TRUE,1,0.1,50,0.1,1,1,affirm,2000,2000
1224,0.0281565713442133,2.26217158542925,2.00957523712924,0.717418894543779,0.790265198456927,2.5303900846422,1.25119173875024,1,50,1,affirm,TRUE,TRUE,TRUE,1,0.1,50,0.1,1,1,affirm,2000,2000
1225,0.0326463812746772,2.19876148996562,2.00957523712924,1.40069357589063,0.964399978075367,2.08478291624618,0.899011889246483,1,50,1,affirm,TRUE,TRUE,TRUE,1,0.1,50,0.1,1,1,affirm,2000,2000
1234,0.00148687744058606,3.36674963972612,2.00957523712924,1.05343076111374,1.8217088966463,3.05140195386773,0.821442550289758,1,50,1,affirm,TRUE,TRUE,TRUE,1,0.1,50,0.1,1,1,affirm,2000,2000
1239,0.00813747541376275,2.75862435543704,2.00957523712924,1.27435173344703,1.31378907326641,2.52437093478646,0.837377350505671,1,50,1,affirm,TRUE,TRUE,TRUE,1,0.1,50,0.1,1,1,affirm,2000,2000
1241,0.00114708159170328,3.45448261785346,2.00957523712924,1.13468593332715,1.33200672694421,3.63664360717313,1.1082441834961,1,50,1,affirm,TRUE,TRUE,TRUE,1,0.1,50,0.1,1,1,affirm,2000,2000
1245,0.0194688354626082,2.41590955896993,2.00957523712924,0.929896315991421,0.990051919998007,2.61655997230813,1.17300548349322,1,50,1,affirm,TRUE,TRUE,TRUE,1,0.1,50,0.1,1,1,affirm,2000,2000
1248,0.0391704128205836,2.11914568464001,2.00957523712924,1.12434628642199,1.92988758380621,1.99955681866067,0.890319469318211,1,50,1,affirm,TRUE,TRUE,TRUE,1,0.1,50,0.1,1,1,affirm,2000,2000
1250,0.0388815880153905,2.12241447358291,2.00957523712924,1.32934184902121,0.992046980659693,1.95919555464305,0.852109046797516,1,50,1,affirm,TRUE,TRUE,TRUE,1,0.1,50,0.1,1,1,affirm,2000,2000
1260,0.0484203303154198,2.02418718412355,2.00957523712924,0.897187536358323,0.904136019093557,1.93999728743711,0.918545986011562,1,50,1,affirm,TRUE,TRUE,TRUE,1,0.1,50,0.1,1,1,affirm,2000,2000
1261,0.00133535956415549,3.40322773817495,2.00957523712924,1.23479602599819,1.6737713434098,3.52637610054864,1.07368091717869,1,50,1,affirm,TRUE,TRUE,TRUE,1,0.1,50,0.1,1,1,affirm,2000,2000
1267,0.0381954613259899,2.13026584002607,2.00957523712924,0.850227201396472,1.09026907637789,1.97834722522039,0.862456957088755,1,50,1,affirm,TRUE,TRUE,TRUE,1,0.1,50,0.1,1,1,affirm,2000,2000
1294,0.00690337806387779,2.82050480279232,2.00957523712924,1.1694230578437,0.986615846677348,3.36841192792467,1.42625344349297,1,50,1,affirm,TRUE,TRUE,TRUE,1,0.1,50,0.1,1,1,affirm,2000,2000
1296,0.00275518658096328,3.15336596594368,2.00957523712924,0.851672725178815,1.07163474990733,2.49050878494788,0.62377419437984,1,50,1,affirm,TRUE,TRUE,TRUE,1,0.1,50,0.1,1,1,affirm,2000,2000
1304,0.00620460525620019,2.86025321648251,2.00957523712924,0.79552828767733,0.951871582800112,2.63976245166599,0.851766840552688,1,50,1,affirm,TRUE,TRUE,TRUE,1,0.1,50,0.1,1,1,affirm,2000,2000
1305,0.00741619617638764,2.79363964187083,2.00957523712924,1.3304148519863,1.58547202930103,3.12800109589157,1.25369826150476,1,50,1,affirm,TRUE,TRUE,TRUE,1,0.1,50,0.1,1,1,affirm,2000,2000
1309,0.00326597062186428,3.09320815994869,2.00957523712924,1.26763990304714,1.2534464337434,2.70398702811886,0.764171635077896,1,50,1,affirm,TRUE,TRUE,TRUE,1,0.1,50,0.1,1,1,affirm,2000,2000
1310,0.0336651860437328,2.18545426266594,2.00957523712924,0.722712109968236,0.274631827680351,2.15357559618948,0.971039280931314,1,50,1,affirm,TRUE,TRUE,TRUE,1,0.1,50,0.1,1,1,affirm,2000,2000
1314,0.018894713630577,2.42812707935514,2.00957523712924,1.05772473394431,0.680428599283432,2.431589926052,1.00285431184938,1,50,1,affirm,TRUE,TRUE,TRUE,1,0.1,50,0.1,1,1,affirm,2000,2000
1317,0.0381851824529113,2.13038439792088,2.00957523712924,1.28161976326344,1.11831176933758,2.32698249132255,1.19308197777398,1,50,1,affirm,TRUE,TRUE,TRUE,1,0.1,50,0.1,1,1,affirm,2000,2000
1318,0.00160760581243716,3.34012917357305,2.00957523712924,0.604018834718256,1.40446780129113,3.36200973339341,1.01314453807118,1,50,1,affirm,TRUE,TRUE,TRUE,1,0.1,50,0.1,1,1,affirm,2000,2000
1331,0.0110956246878324,2.639764323752,2.00957523712924,1.34090893832833,1.80864677068208,2.86014295820693,1.17393802946138,1,50,1,affirm,TRUE,TRUE,TRUE,1,0.1,50,0.1,1,1,affirm,2000,2000
1335,0.0397002211379677,2.11320400746551,2.00957523712924,0.855345975272082,0.829538581591113,2.03502799002693,0.927380420793975,1,50,1,affirm,TRUE,TRUE,TRUE,1,0.1,50,0.1,1,1,affirm,2000,2000
1336,0.00833452732723972,2.74955696465073,2.00957523712924,0.865505589743526,1.17195099288928,2.78255380060898,1.02414558440934,1,50,1,affirm,TRUE,TRUE,TRUE,1,0.1,50,0.1,1,1,affirm,2000,2000
1343,0.00893857187569939,2.72294352413718,2.00957523712924,1.11000560970599,1.09669843861102,2.45085616808258,0.810136840584037,1,50,1,affirm,TRUE,TRUE,TRUE,1,0.1,50,0.1,1,1,affirm,2000,2000
1345,0.0038901975329004,3.03068522054814,2.00957523712924,1.51784314098103,1.82372773869058,2.67136478427804,0.77693507959886,1,50,1,affirm,TRUE,TRUE,TRUE,1,0.1,50,0.1,1,1,affirm,2000,2000
1346,0.00415671560220938,3.00681579288549,2.00957523712924,0.801653569231743,0.911024515717655,2.67665537203019,0.792448906849964,1,50,1,affirm,TRUE,TRUE,TRUE,1,0.1,50,0.1,1,1,affirm,2000,2000
1355,0.00213731455564896,3.24208628680547,2.00957523712924,0.788124502583555,1.08147303525011,3.12980885410077,0.93193686398121,1,50,1,affirm,TRUE,TRUE,TRUE,1,0.1,50,0.1,1,1,affirm,2000,2000
1373,0.000193613159891156,4.03066925544472,2.00957523712924,0.983031393229819,0.624059068292845,3.39310174544427,0.708662479983623,1,50,1,affirm,TRUE,TRUE,TRUE,1,0.1,50,0.1,1,1,affirm,2000,2000
1394,0.0356839600180056,2.16010194317203,2.00957523712924,1.25618431396644,1.4984257572766,2.24450746198918,1.07967640863964,1,50,1,affirm,TRUE,TRUE,TRUE,1,0.1,50,0.1,1,1,affirm,2000,2000
1396,0.00696643651422557,2.8171036123919,2.00957523712924,0.93762058159395,0.82197704951846,2.70875649060934,0.924558272659968,1,50,1,affirm,TRUE,TRUE,TRUE,1,0.1,50,0.1,1,1,affirm,2000,2000
1401,0.0123667908234143,2.59745995784019,2.00957523712924,0.963680777867682,1.77717719784606,2.50359776804172,0.929033530878786,1,50,1,affirm,TRUE,TRUE,TRUE,1,0.1,50,0.1,1,1,affirm,2000,2000
1412,0.0149446603437924,2.52263931610233,2.00957523712924,0.849236676031058,1.2530647536649,2.10637512736937,0.69720599954076,1,50,1,affirm,TRUE,TRUE,TRUE,1,0.1,50,0.1,1,1,affirm,2000,2000
1421,0.00893938690085387,2.7229087481214,2.00957523712924,1.27542759338805,1.65355239333887,2.19645117451995,0.650694195855687,1,50,1,affirm,TRUE,TRUE,TRUE,1,0.1,50,0.1,1,1,affirm,2000,2000
1429,0.00935996247240072,2.7053412183879,2.00957523712924,0.766380154951779,0.817716323199744,2.93404014173805,1.17621849413744,1,50,1,affirm,TRUE,TRUE,TRUE,1,0.1,50,0.1,1,1,affirm,2000,2000
1433,0.0416859609540007,2.09153406726241,2.00957523712924,1.04853617907128,1.44174546499172,2.28106346669215,1.18944633429393,1,50,1,affirm,TRUE,TRUE,TRUE,1,0.1,50,0.1,1,1,affirm,2000,2000
1436,0.0470380825078584,2.03731552263388,2.00957523712924,1.50961504240401,2.10447695269851,2.21248078838772,1.17934923113145,1,50,1,affirm,TRUE,TRUE,TRUE,1,0.1,50,0.1,1,1,affirm,2000,2000
1437,0.0330180177676519,2.19386541684009,2.00957523712924,1.30563970535639,1.48534001835219,2.11611895582261,0.930379624647589,1,50,1,affirm,TRUE,TRUE,TRUE,1,0.1,50,0.1,1,1,affirm,2000,2000
1463,0.0155402144006885,2.50703678925156,2.00957523712924,1.34228173370189,1.27811891842112,2.39944943654815,0.91601332436646,1,50,1,affirm,TRUE,TRUE,TRUE,1,0.1,50,0.1,1,1,affirm,2000,2000
1464,0.00376969855856323,3.0419837549676,2.00957523712924,0.77490060603068,1.10701792542834,3.10614029493237,1.04262552829196,1,50,1,affirm,TRUE,TRUE,TRUE,1,0.1,50,0.1,1,1,affirm,2000,2000
1465,0.00109998001094745,3.46855751162783,2.00957523712924,1.11226336793982,1.50446062892806,3.24660574767154,0.876115384599685,1,50,1,affirm,TRUE,TRUE,TRUE,1,0.1,50,0.1,1,1,affirm,2000,2000
1471,0.0245509206687265,2.31997159138087,2.00957523712924,0.881727430067015,1.06855550617832,1.93154479222876,0.693177143218627,1,50,1,affirm,TRUE,TRUE,TRUE,1,0.1,50,0.1,1,1,affirm,2000,2000
1476,6.80484843551805e-05,4.3534649777013,2.00957523712924,0.67578122646882,1.06668930707816,4.13227751862964,0.900966930906079,1,50,1,affirm,TRUE,TRUE,TRUE,1,0.1,50,0.1,1,1,affirm,2000,2000
1492,0.0473298186462569,2.03451709210956,2.00957523712924,1.12168996403628,1.23721347840548,2.00858347379652,0.974668846124148,1,50,1,affirm,TRUE,TRUE,TRUE,1,0.1,50,0.1,1,1,affirm,2000,2000
1494,0.0413626773721658,2.09499967997582,2.00957523712924,1.4121356028095,1.31880186487834,2.0489016409273,0.956476487770082,1,50,1,affirm,TRUE,TRUE,TRUE,1,0.1,50,0.1,1,1,affirm,2000,2000
1495,0.0375824459517373,2.13738584429939,2.00957523712924,0.279584631873152,-0.168038996521244,1.94251742523494,0.825969458790135,1,50,1,affirm,TRUE,TRUE,TRUE,1,0.1,50,0.1,1,1,affirm,2000,2000
1517,0.00417448051135768,3.00527610916139,2.00957523712924,1.16104642129774,1.36605107965631,3.07855810836017,1.04936349743331,1,50,1,affirm,TRUE,TRUE,TRUE,1,0.1,50,0.1,1,1,affirm,2000,2000
1522,0.00183854621278806,3.29410628258582,2.00957523712924,1.50153021219794,1.68470102200861,2.89952481348116,0.774780077245767,1,50,1,affirm,TRUE,TRUE,TRUE,1,0.1,50,0.1,1,1,affirm,2000,2000
1525,0.0166694339765974,2.47888618357773,2.00957523712924,1.04574229768977,0.753751219641019,2.45273198622454,0.979009747315207,1,50,1,affirm,TRUE,TRUE,TRUE,1,0.1,50,0.1,1,1,affirm,2000,2000
1528,0.0179324542896878,2.44937573234308,2.00957523712924,1.18611385525739,1.11389691669524,2.37911139534343,0.943449661444063,1,50,1,affirm,TRUE,TRUE,TRUE,1,0.1,50,0.1,1,1,affirm,2000,2000
1531,0.00101498687988517,3.49547466573287,2.00957523712924,1.19827846274351,0.790918667906567,3.42152343075929,0.958135031424843,1,50,1,affirm,TRUE,TRUE,TRUE,1,0.1,50,0.1,1,1,affirm,2000,2000
1535,0.0127765380547819,2.58466882485738,2.00957523712924,1.31687845474882,1.15573487273674,2.69488178349368,1.08710033174826,1,50,1,affirm,TRUE,TRUE,TRUE,1,0.1,50,0.1,1,1,affirm,2000,2000
1536,0.0333190052718568,2.1899356070456,2.00957523712924,2.20642847782343,2.51709061360733,2.54183198250562,1.34719663613724,1,50,1,affirm,TRUE,TRUE,TRUE,1,0.1,50,0.1,1,1,affirm,2000,2000
1547,0.00294782921239941,3.12953339647858,2.00957523712924,1.47669848180732,1.87969491670219,3.00938172981029,0.924688335262304,1,50,1,affirm,TRUE,TRUE,TRUE,1,0.1,50,0.1,1,1,affirm,2000,2000
1552,0.0409248027396019,2.09973161262877,2.00957523712924,1.14167323545642,1.07263143948314,1.98248404085057,0.891439401936862,1,50,1,affirm,TRUE,TRUE,TRUE,1,0.1,50,0.1,1,1,affirm,2000,2000
1555,0.00332823415898154,3.08649001540326,2.00957523712924,1.36448239953309,1.3531585740345,2.86884863548355,0.863943848983289,1,50,1,affirm,TRUE,TRUE,TRUE,1,0.1,50,0.1,1,1,affirm,2000,2000
1568,0.0473569577871527,2.03425752522567,2.00957523712924,0.308353352914419,0.212409859264776,2.09440126864414,1.0600050201552,1,50,1,affirm,TRUE,TRUE,TRUE,1,0.1,50,0.1,1,1,affirm,2000,2000
1573,0.017907800923132,2.44993352974206,2.00957523712924,1.56952982245771,1.81020849744553,1.89704127822996,0.59957699182708,1,50,1,affirm,TRUE,TRUE,TRUE,1,0.1,50,0.1,1,1,affirm,2000,2000
1584,0.0052808382924207,2.91972198675039,2.00957523712924,0.604410262810881,0.758242317363676,2.65000797840753,0.823780224873962,1,50,1,affirm,TRUE,TRUE,TRUE,1,0.1,50,0.1,1,1,affirm,2000,2000
1587,0.0141653167340962,2.54393276970892,2.00957523712924,1.19211868640419,1.49328266621388,2.14618082904701,0.711739981826993,1,50,1,affirm,TRUE,TRUE,TRUE,1,0.1,50,0.1,1,1,affirm,2000,2000
1589,0.0148719098561162,2.52458378377238,2.00957523712924,0.919830720531521,0.816295924191321,2.54455468848411,1.01588372348105,1,50,1,affirm,TRUE,TRUE,TRUE,1,0.1,50,0.1,1,1,affirm,2000,2000
1594,0.0363566527314188,2.1519340796677,2.00957523712924,0.829123263015424,0.409850684190782,2.14341592592871,0.992098926437954,1,50,1,affirm,TRUE,TRUE,TRUE,1,0.1,50,0.1,1,1,affirm,2000,2000
1597,0.0118170073674443,2.61524458608548,2.00957523712924,1.3476445513656,1.40815168972322,2.39198929035192,0.836553726726571,1,50,1,affirm,TRUE,TRUE,TRUE,1,0.1,50,0.1,1,1,affirm,2000,2000
1601,0.0114938138983422,2.62605560257696,2.00957523712924,1.03948604385683,1.34195370078134,2.84069090255111,1.17014619876957,1,50,1,affirm,TRUE,TRUE,TRUE,1,0.1,50,0.1,1,1,affirm,2000,2000
1605,0.0395717863205271,2.11463797437915,2.00957523712924,1.24237576939852,0.985141998264997,2.03818635043277,0.929000020921569,1,50,1,affirm,TRUE,TRUE,TRUE,1,0.1,50,0.1,1,1,affirm,2000,2000
1608,0.000992924138706685,3.50281330930273,2.00957523712924,0.921576298959074,0.796083379012041,3.36369413503154,0.92214457063235,1,50,1,affirm,TRUE,TRUE,TRUE,1,0.1,50,0.1,1,1,affirm,2000,2000
1610,0.0323675871407107,2.2024668263648,2.00957523712924,0.595107094692073,-0.00026901927653189,2.28578120603715,1.0770864529773,1,50,1,affirm,TRUE,TRUE,TRUE,1,0.1,50,0.1,1,1,affirm,2000,2000
1611,0.0461101575633573,2.04631769991427,2.00957523712924,1.61493082734577,2.23421238278119,2.04803702477087,1.00168111447085,1,50,1,affirm,TRUE,TRUE,TRUE,1,0.1,50,0.1,1,1,affirm,2000,2000
1624,0.0471965737949858,2.03579336058647,2.00957523712924,0.876970809014693,0.771848433282118,1.68597175442453,0.685856409649392,1,50,1,affirm,TRUE,TRUE,TRUE,1,0.1,50,0.1,1,1,affirm,2000,2000
1625,0.0461330557009653,2.04609367182963,2.00957523712924,1.08556533196971,0.933274120005678,2.39651153897469,1.37185441243674,1,50,1,affirm,TRUE,TRUE,TRUE,1,0.1,50,0.1,1,1,affirm,2000,2000
1628,0.0205873965463122,2.3930099597175,2.00957523712924,1.33065613401614,1.56993522146241,2.46487689126755,1.06096596961119,1,50,1,affirm,TRUE,TRUE,TRUE,1,0.1,50,0.1,1,1,affirm,2000,2000
1634,0.00583957047840194,2.8827006744808,2.00957523712924,1.59130774051016,1.75280635381999,2.92762538174734,1.03141135424881,1,50,1,affirm,TRUE,TRUE,TRUE,1,0.1,50,0.1,1,1,affirm,2000,2000
1646,0.0352316881300181,2.16566988561716,2.00957523712924,1.32558517698335,1.43787997499998,2.05595749481786,0.901246826270539,1,50,1,affirm,TRUE,TRUE,TRUE,1,0.1,50,0.1,1,1,affirm,2000,2000
1651,0.0462647634896778,2.04480695573509,2.00957523712924,0.688256253949584,0.79245225140201,2.21915721152654,1.17779989806775,1,50,1,affirm,TRUE,TRUE,TRUE,1,0.1,50,0.1,1,1,affirm,2000,2000
1657,0.00124532073060804,3.42681700830199,2.00957523712924,1.10470278623506,1.28860625629719,2.04755220675887,0.357016378402745,1,50,1,affirm,TRUE,TRUE,TRUE,1,0.1,50,0.1,1,1,affirm,2000,2000
1658,0.0315030473840413,2.21413908693028,2.00957523712924,0.866430296257183,0.848673171402512,2.05609977914883,0.862340087137572,1,50,1,affirm,TRUE,TRUE,TRUE,1,0.1,50,0.1,1,1,affirm,2000,2000
1660,0.0297762467564687,2.23832681868572,2.00957523712924,1.02725577709201,1.18113924237386,1.84024327783149,0.675932741009522,1,50,1,affirm,TRUE,TRUE,TRUE,1,0.1,50,0.1,1,1,affirm,2000,2000
1683,0.0457688217151379,2.04966872345965,2.00957523712924,1.40362994549932,1.5051882238939,1.95098184063404,0.906022756406517,1,50,1,affirm,TRUE,TRUE,TRUE,1,0.1,50,0.1,1,1,affirm,2000,2000
1684,0.00115214986199266,3.45300107099558,2.00957523712924,1.83672374863298,1.95255164633218,3.2191086148021,0.869116178845142,1,50,1,affirm,TRUE,TRUE,TRUE,1,0.1,50,0.1,1,1,affirm,2000,2000
1703,0.0381153513203499,2.13119058079649,2.00957523712924,0.485920756065447,0.710031714418042,2.44429742226399,1.31541722172527,1,50,1,affirm,TRUE,TRUE,TRUE,1,0.1,50,0.1,1,1,affirm,2000,2000
1704,0.0173067006473464,2.46375304649456,2.00957523712924,0.994548019664465,0.834294562219727,2.45373660105786,0.991885481862942,1,50,1,affirm,TRUE,TRUE,TRUE,1,0.1,50,0.1,1,1,affirm,2000,2000
1731,0.0144549822700298,2.53589690866783,2.00957523712924,1.71812613626464,1.46392493720488,2.51489925313958,0.983508222762311,1,50,1,affirm,TRUE,TRUE,TRUE,1,0.1,50,0.1,1,1,affirm,2000,2000
1733,0.0438194207546922,2.06923366635103,2.00957523712924,1.15378628364696,1.27587470148438,2.18646374351653,1.1165173826357,1,50,1,affirm,TRUE,TRUE,TRUE,1,0.1,50,0.1,1,1,affirm,2000,2000
1735,0.00096425920518699,3.51258394026901,2.00957523712924,0.818549625244035,0.781302980316482,3.057890242389,0.757862404584327,1,50,1,affirm,TRUE,TRUE,TRUE,1,0.1,50,0.1,1,1,affirm,2000,2000
1737,0.0305044208064579,2.22797953374269,2.00957523712924,1.39520715038562,1.30598263233985,2.07976400960301,0.871376258008794,1,50,1,affirm,TRUE,TRUE,TRUE,1,0.1,50,0.1,1,1,affirm,2000,2000
1743,0.00373983759620741,3.04483592346765,2.00957523712924,1.02914072902883,1.43353384566116,2.97143145778235,0.952365476914046,1,50,1,affirm,TRUE,TRUE,TRUE,1,0.1,50,0.1,1,1,affirm,2000,2000
1744,0.0015144696831051,3.36048931026145,2.00957523712924,1.39874541064652,1.22064472059615,3.1950786541792,0.903978436768291,1,50,1,affirm,TRUE,TRUE,TRUE,1,0.1,50,0.1,1,1,affirm,2000,2000
1747,0.00235334066867912,3.20859599614463,2.00957523712924,1.23455512691727,1.93554853824286,2.86544202598964,0.797541292680794,1,50,1,affirm,TRUE,TRUE,TRUE,1,0.1,50,0.1,1,1,affirm,2000,2000
1749,0.00960015427220562,2.69563140613509,2.00957523712924,0.943609815715228,1.30555123701243,2.73484204409532,1.02930357371591,1,50,1,affirm,TRUE,TRUE,TRUE,1,0.1,50,0.1,1,1,affirm,2000,2000
1750,0.00261230671534124,3.17207795979115,2.00957523712924,1.47241635756378,1.87886701045129,3.06245671682147,0.932077906671985,1,50,1,affirm,TRUE,TRUE,TRUE,1,0.1,50,0.1,1,1,affirm,2000,2000
1753,0.0417198792806298,2.09117182229345,2.00957523712924,0.857557487269238,1.0346522461749,2.16573784819223,1.07258652331876,1,50,1,affirm,TRUE,TRUE,TRUE,1,0.1,50,0.1,1,1,affirm,2000,2000
1762,0.00186298585107977,3.28956100748462,2.00957523712924,0.728318367317762,0.555816526873833,2.90416774825548,0.779412750129468,1,50,1,affirm,TRUE,TRUE,TRUE,1,0.1,50,0.1,1,1,affirm,2000,2000
1773,0.0131697864668375,2.57273987209873,2.00957523712924,1.05229761928853,1.14871505830589,2.85415170599179,1.23072876792679,1,50,1,affirm,TRUE,TRUE,TRUE,1,0.1,50,0.1,1,1,affirm,2000,2000
1781,0.0328257408872942,2.19639243483737,2.00957523712924,1.02089551353848,1.29395490406977,2.08015569066653,0.896957373035283,1,50,1,affirm,TRUE,TRUE,TRUE,1,0.1,50,0.1,1,1,affirm,2000,2000
1782,0.0141177778956424,2.54526583661925,2.00957523712924,1.28474815718882,1.23520884729572,2.82590314245914,1.23267403504959,1,50,1,affirm,TRUE,TRUE,TRUE,1,0.1,50,0.1,1,1,affirm,2000,2000
1791,0.00544841519336496,2.90825022924129,2.00957523712924,1.00585281916502,1.39250953088198,3.04168373586369,1.09386712215799,1,50,1,affirm,TRUE,TRUE,TRUE,1,0.1,50,0.1,1,1,affirm,2000,2000
1799,0.0113939188043636,2.62945342932036,2.00957523712924,1.01865773798152,1.62050989020368,2.59276099542531,0.972285933558664,1,50,1,affirm,TRUE,TRUE,TRUE,1,0.1,50,0.1,1,1,affirm,2000,2000
1801,0.0342811027312463,2.17758063209888,2.00957523712924,1.76662192063542,1.98884626285192,2.09342306575651,0.924199054078165,1,50,1,affirm,TRUE,TRUE,TRUE,1,0.1,50,0.1,1,1,affirm,2000,2000
1810,0.00737384475026854,2.79579214798954,2.00957523712924,0.692871658728548,0.501800682079774,2.40569927819693,0.740411088391729,1,50,1,affirm,TRUE,TRUE,TRUE,1,0.1,50,0.1,1,1,affirm,2000,2000
1811,0.038707100703978,2.1243995586543,2.00957523712924,0.994208391258635,0.899780008703647,2.09527090074814,0.972765048541234,1,50,1,affirm,TRUE,TRUE,TRUE,1,0.1,50,0.1,1,1,affirm,2000,2000
1812,0.00684635662865368,2.82360523085023,2.00957523712924,1.50719924796509,1.90303218750112,2.54766958608036,0.814100927465271,1,50,1,affirm,TRUE,TRUE,TRUE,1,0.1,50,0.1,1,1,affirm,2000,2000
1813,0.0417200228634507,2.09117028938691,2.00957523712924,1.49383898942057,1.79542049625474,1.87644022276575,0.805175714965473,1,50,1,affirm,TRUE,TRUE,TRUE,1,0.1,50,0.1,1,1,affirm,2000,2000
1818,0.042045001019625,2.087712523001,2.00957523712924,0.671112846042505,0.763675148494011,2.10040492815288,1.01219611151155,1,50,1,affirm,TRUE,TRUE,TRUE,1,0.1,50,0.1,1,1,affirm,2000,2000
1819,0.0104161858306219,2.66423159076034,2.00957523712924,1.09793053649931,0.856488407669323,2.46613572509571,0.856820802236476,1,50,1,affirm,TRUE,TRUE,TRUE,1,0.1,50,0.1,1,1,affirm,2000,2000
1830,0.00087946185900696,3.54320141727384,2.00957523712924,1.21090414551195,1.54908447588489,3.80999498476526,1.15626432430546,1,50,1,affirm,TRUE,TRUE,TRUE,1,0.1,50,0.1,1,1,affirm,2000,2000
1831,0.00197915464142878,3.26869951098034,2.00957523712924,1.40253497437165,1.75053472368138,3.40735399515617,1.08663706516534,1,50,1,affirm,TRUE,TRUE,TRUE,1,0.1,50,0.1,1,1,affirm,2000,2000
1842,0.00519871465504311,2.92546816946254,2.00957523712924,1.39499316785327,1.29600169738936,3.05141071278831,1.0879541144375,1,50,1,affirm,TRUE,TRUE,TRUE,1,0.1,50,0.1,1,1,affirm,2000,2000
1848,0.0188300768082175,2.42952345502413,2.00957523712924,0.926469546530316,1.41014399485223,2.46179875317583,1.02674572302256,1,50,1,affirm,TRUE,TRUE,TRUE,1,0.1,50,0.1,1,1,affirm,2000,2000
1856,0.027150548768517,2.27760300862149,2.00957523712924,1.27584901841902,1.45217416630211,2.19096091252551,0.925365286585332,1,50,1,affirm,TRUE,TRUE,TRUE,1,0.1,50,0.1,1,1,affirm,2000,2000
1859,0.000900319911857744,3.53541691230143,2.00957523712924,0.902988359409475,0.509552982879781,2.82907774064732,0.640336846820888,1,50,1,affirm,TRUE,TRUE,TRUE,1,0.1,50,0.1,1,1,affirm,2000,2000
1865,0.00195798184624956,3.27241383002613,2.00957523712924,1.25162934161013,1.46393232523822,3.13430790924306,0.917374952768718,1,50,1,affirm,TRUE,TRUE,TRUE,1,0.1,50,0.1,1,1,affirm,2000,2000
1866,0.0272616164601556,2.27587460396335,2.00957523712924,0.536049866822426,0.792681527540198,2.23193877553394,0.961762623387273,1,50,1,affirm,TRUE,TRUE,TRUE,1,0.1,50,0.1,1,1,affirm,2000,2000
1869,0.00675998616512227,2.82834730072092,2.00957523712924,1.13040943023581,1.40840293526778,2.37580492311499,0.705595955260592,1,50,1,affirm,TRUE,TRUE,TRUE,1,0.1,50,0.1,1,1,affirm,2000,2000
1888,0.0496094645210168,2.01315013342933,2.00957523712924,1.01891902541062,1.34432525552855,2.02399692914793,1.01080497341114,1,50,1,affirm,TRUE,TRUE,TRUE,1,0.1,50,0.1,1,1,affirm,2000,2000
1889,0.00436172431823824,2.98941002103161,2.00957523712924,1.43490268275716,0.914323248461599,2.37046364250072,0.628775520214156,1,50,1,affirm,TRUE,TRUE,TRUE,1,0.1,50,0.1,1,1,affirm,2000,2000
1896,0.0430587768187536,2.0770736935709,2.00957523712924,0.831526691621234,0.343465750273554,1.8358291439094,0.781197256344246,1,50,1,affirm,TRUE,TRUE,TRUE,1,0.1,50,0.1,1,1,affirm,2000,2000
1900,0.00600372312409987,2.87244960852267,2.00957523712924,1.09193540802466,1.16623288243873,2.42770733434062,0.714311798518604,1,50,1,affirm,TRUE,TRUE,TRUE,1,0.1,50,0.1,1,1,affirm,2000,2000
1904,0.000479506329359434,3.74195146022211,2.00957523712924,1.17741211574038,1.29032683526641,3.52322742607692,0.886512894268225,1,50,1,affirm,TRUE,TRUE,TRUE,1,0.1,50,0.1,1,1,affirm,2000,2000
1907,0.0392081265563104,2.11872041620245,2.00957523712924,1.27123220936674,1.14900275397447,1.94994464670145,0.847027017759098,1,50,1,affirm,TRUE,TRUE,TRUE,1,0.1,50,0.1,1,1,affirm,2000,2000
1909,0.0476697719650927,2.03127494622848,2.00957523712924,1.2707195705665,1.4414868340259,1.99513944683735,0.964737336976592,1,50,1,affirm,TRUE,TRUE,TRUE,1,0.1,50,0.1,1,1,affirm,2000,2000
1913,0.0230212241740599,2.34681410646885,2.00957523712924,0.66418968748142,0.987618616645882,2.01782399360478,0.739280385321766,1,50,1,affirm,TRUE,TRUE,TRUE,1,0.1,50,0.1,1,1,affirm,2000,2000
1926,0.0148257369613616,2.525822374022,2.00957523712924,1.26178815581059,1.81637292090151,2.35025990289503,0.865817123306239,1,50,1,affirm,TRUE,TRUE,TRUE,1,0.1,50,0.1,1,1,affirm,2000,2000
1932,0.031478915770095,2.21446893352553,2.00957523712924,1.19360696039922,0.91980937178397,2.08847034324385,0.889441606501358,1,50,1,affirm,TRUE,TRUE,TRUE,1,0.1,50,0.1,1,1,affirm,2000,2000
1938,0.0181049125640886,2.44549300755008,2.00957523712924,1.11745858967516,1.2805192065444,2.70604113082151,1.22443556632074,1,50,1,affirm,TRUE,TRUE,TRUE,1,0.1,50,0.1,1,1,affirm,2000,2000
1950,0.00277304876259275,3.15109126491751,2.00957523712924,1.31578622842457,1.45273403458606,2.97641996745377,0.892208702747015,1,50,1,affirm,TRUE,TRUE,TRUE,1,0.1,50,0.1,1,1,affirm,2000,2000
1955,0.0403319814460881,2.10620895665379,2.00957523712924,0.589936669328589,1.09566126379331,2.05548531149638,0.952414162464408,1,50,1,affirm,TRUE,TRUE,TRUE,1,0.1,50,0.1,1,1,affirm,2000,2000
1959,0.0142447950466479,2.54171312780731,2.00957523712924,1.46125015011652,1.71513929147565,2.78292987050622,1.19881304613558,1,50,1,affirm,TRUE,TRUE,TRUE,1,0.1,50,0.1,1,1,affirm,2000,2000
1960,0.00769528236825943,2.77973282460211,2.00957523712924,1.07261154456043,1.25327710465749,2.85421329875119,1.0543061495583,1,50,1,affirm,TRUE,TRUE,TRUE,1,0.1,50,0.1,1,1,affirm,2000,2000
1963,0.0288585160763721,2.25169198359225,2.00957523712924,1.32607111992758,1.37566871065067,2.35340730280679,1.0923862631625,1,50,1,affirm,TRUE,TRUE,TRUE,1,0.1,50,0.1,1,1,affirm,2000,2000
1964,0.0167606294544875,2.47668881212521,2.00957523712924,1.41178768124005,1.2959933000528,2.4028081441186,0.941229013540892,1,50,1,affirm,TRUE,TRUE,TRUE,1,0.1,50,0.1,1,1,affirm,2000,2000
1966,0.0105714104203902,2.65851556043474,2.00957523712924,0.965643681557314,1.05078757072026,2.38612586106103,0.80557927033579,1,50,1,affirm,TRUE,TRUE,TRUE,1,0.1,50,0.1,1,1,affirm,2000,2000
1976,0.0152536709367801,2.51447472631573,2.00957523712924,1.35327132184914,1.16080874315758,2.50327372396221,0.991110625060371,1,50,1,affirm,TRUE,TRUE,TRUE,1,0.1,50,0.1,1,1,affirm,2000,2000
1977,0.00749788337956706,2.78951980145966,2.00957523712924,1.05060644147698,1.31082162074868,2.38798796684855,0.732833595946318,1,50,1,affirm,TRUE,TRUE,TRUE,1,0.1,50,0.1,1,1,affirm,2000,2000
1979,0.0308160847112629,2.22361752926631,2.00957523712924,1.28999444130433,2.15951670796401,2.42252655292822,1.18690760875444,1,50,1,affirm,TRUE,TRUE,TRUE,1,0.1,50,0.1,1,1,affirm,2000,2000
1982,0.00595083242191721,2.8757238174926,2.00957523712924,1.09032417083917,1.42653228069132,3.18573570091318,1.22722766302934,1,50,1,affirm,TRUE,TRUE,TRUE,1,0.1,50,0.1,1,1,affirm,2000,2000
1989,0.0162754211648542,2.48850684400116,2.00957523712924,1.20011654068942,0.884271605233977,2.65832779981385,1.14114120388474,1,50,1,affirm,TRUE,TRUE,TRUE,1,0.1,50,0.1,1,1,affirm,2000,2000
1993,0.016701703110381,2.47810741213392,2.00957523712924,0.678836429006414,0.901643002916145,2.56292196772377,1.06962246026937,1,50,1,affirm,TRUE,TRUE,TRUE,1,0.1,50,0.1,1,1,affirm,2000,2000
