"","meta.name","author.year","meta.study.type","LogEta","VarLogEta","shapiro.pval","Mhat","Mhat.Lo","Mhat.Hi","Mhat.Pval","Analysis.Scale","Sval.Est","Sval.CI","Sval.Est.Num","Sval.CI.Num","Mhat.Worst","Mhat.Worst.Lo","Mhat.Worst.Hi","Mhat.Worst.Pval","group","group.pretty","discipline","Data.source","k.all","k.rc","k.affirm.rc","k.nonaffirm.rc","Qi.hif","Qi.lif","Qi.hif.diff","Psig.hif","Psig.lif","Psig.hif.diff","Psig.hif.RR","k.hif","k.lif","Qi.early","Qi.late","Qi.early.diff","Psig.early","Psig.late","Psig.early.diff","Psig.early.RR","k.early","k.late","meta.med.year","k.year.coded","Pdisaffirm.ratio","PZeroEst","logRR.hif","varlogRR.hif","logRR.first2","varlogRR.first2","excl.Pdisaffirm.ratio","excl.PZeroEst","excl.shapiro","excl.other"
"1","21695187","Romero 2011","Mixed","-1.35139409677266","0.784081357703565","0.0118336358066216","0.435700200310571","0.230714521747009","0.640685878874132","0.000368734614744071","other","Not possible","Not possible","Inf","Inf","0.216177285593548","0.107465715996205","0.32488885519089","0.00201327271072227","plos","PLOS One","nat","public","47","21","5","16","NaN","NaN","NaN",NA,NA,NA,NA,NA,NA,"NaN","NaN","NaN",NA,NA,NA,NA,NA,NA,NA,"0","1","0.0425531914893617",NA,NA,NA,NA,"FALSE","FALSE","TRUE","FALSE"
"2","24586827","Wolowski 2014","All randomized","-0.715073467410726","0.268582737376024","1.34437759222545e-05","0.908627664595117","0.536618092890587","1.28063723629965","1.36368136645082e-05","smd","Not possible","12.0004455282343","Inf","12.0004455282343","0.0248200529623492","-0.114123843109926","0.163763949034625","0.70509523567532","plos","PLOS One","nat","public","65","43","22","21","NaN","NaN","NaN",NA,NA,NA,NA,NA,NA,"NaN","NaN","NaN",NA,NA,NA,NA,NA,NA,NA,"0","0","0",NA,NA,NA,NA,"FALSE","FALSE","TRUE","FALSE"
"3","24622676","Mayo-Wilson 2014","All randomized","-0.694589680150559","1.0896342376701","0.6533636066318","0.0383338784857611","-0.0793346218669818","0.156002378838504","0.452332770604874","log-ratio","Not possible","5.06720744660149","Inf","5.06720744660149","0.0287259354488842","-0.0737526964616666","0.131204567359435","0.517970836474199","plos","PLOS One","med","scraped","67","47","2","45","NaN","NaN","NaN",NA,NA,NA,NA,NA,NA,"0.482587064676617","0.514458955223881","-0.0318718905472635","0.333333333333333","0.046875","0.286458333333333","7.11111111111111","3","64","2003","67","0","0",NA,NA,"1.96165850602345","0.984375","FALSE","FALSE","FALSE","FALSE"
"4","24651675","Quesnelle 2013","All observational","-1.59847944850494","0.255654532158066","0.0167861065418499","0.141822381774797","0.0961385164362852","0.187506247113309","4.18617789321729e-08","z","Not possible","Not possible","Inf","Inf","0.0568432004409132","0.0270645012045763","0.0866218996772501","0.000442485796529057","plos","PLOS One","nat","public","398","83","10","73","NaN","NaN","NaN",NA,NA,NA,NA,NA,NA,"NaN","NaN","NaN",NA,NA,NA,NA,NA,NA,NA,"0","0.906976744186046","0.0100502512562814",NA,NA,NA,NA,"FALSE","FALSE","TRUE","FALSE"
"5","24699695","Van Yperen 2014","Unclear","0.0946950243514455","0.117914581136805","0.0201641206017874","0.105579961081627","0.0777704101576822","0.133389512005571","3.46815909324505e-11","z","Not possible","14.2457417602629","Inf","14.2457417602629","0.0188271901076217","-0.0107322101677014","0.0483865903829449","0.206670465879248","plos","PLOS One","soc","public","96","95","40","55","NaN","NaN","NaN",NA,NA,NA,NA,NA,NA,"NaN","NaN","NaN",NA,NA,NA,NA,NA,NA,NA,"0","4.17857142857143","0.0208333333333333",NA,NA,NA,NA,"TRUE","FALSE","TRUE","FALSE"
"6","24865979","Plieninger 2014","Unclear","0.159415031724063","0.411197192975837","0.367169856505783","-0.0033224799303115","-0.460842328150121","0.454197368289498","0.988370070632773","smd",NA,NA,NA,NA,NA,NA,NA,NA,"plos","PLOS One","nat","public","149","44","10","34","NaN","NaN","NaN",NA,NA,NA,NA,NA,NA,"NaN","NaN","NaN",NA,NA,NA,NA,NA,NA,NA,"0","10.5762711864407","0",NA,NA,NA,NA,"TRUE","FALSE","FALSE","FALSE"
"7","24959902","Fan 2014","All observational","-0.501080937340384","0.525712329610609","0.577687362351253","0.328105637033332","0.0969910732665826","0.559220200800081","0.0065207915073604","log-ratio","Not possible","3.1030901647209","Inf","3.1030901647209","0.10098838260756","-0.104465937682082","0.306442702897201","0.323753554270243","plos","PLOS One","med","scraped","51","50","7","43","NaN","NaN","NaN",NA,NA,NA,NA,NA,NA,"0.490196078431372","0.513805522208884","-0.0236094437775111","0","0.204081632653061","-0.204081632653061","0","2","49","2012","51","2.65909090909091","0",NA,NA,"0.105360515657826","1.78","FALSE","FALSE","FALSE","FALSE"
"8","24968234","Menne-Lothmann 2014","All randomized","-0.173296625793549","0.538272229882418","0.121202121895438","0.2711884909837","0.119570521686236","0.422806460281164","0.00102260190586057","smd","Not possible","4.75044802816533","Inf","4.75044802816533","0.0499171159480893","-0.0578103845553396","0.157644616451518","0.344957304093317","plos","PLOS One","soc","scraped","47","30","9","21","NaN","NaN","NaN",NA,NA,NA,NA,NA,NA,"NaN","NaN","NaN",NA,NA,NA,NA,NA,NA,NA,"0","2.29411764705882","0",NA,NA,NA,NA,"FALSE","FALSE","FALSE","FALSE"
"9","24988220","Floyd 2014","All observational","-0.409708185998261","0.401781842100232","0.000543691506161675","0.127872581917581","0.0293447103712987","0.226400453463864","0.0121439561144352","log-ratio","Not possible","2.2730645281481","Inf","2.2730645281481","-0.00387718157711079","-0.0568857860173411","0.0491314228631195","0.880107217164884","plos","PLOS One","med","scraped","55","51","9","42","NaN","NaN","NaN",NA,NA,NA,NA,NA,NA,"0.436363636363636","0.512521440823328","-0.0761578044596917","0","0.169811320754717","-0.169811320754717","0","2","53","2002","55","0","0",NA,NA,"-0.0540672212702757","1.75341130604289","FALSE","FALSE","TRUE","FALSE"
"10","25019505","Zhou 2014","All observational","0.750729277764761","0.211087293069866","0.251748948851341","0.699722648876498","0.50553338053702","0.893911917215975","2.21032148139955e-09","log-ratio","Not possible","33.4742852669773","Inf","33.4742852669773","0.140168340483647","-0.0542204641993102","0.334557145166605","0.14265603205501","plos","PLOS One","med","scraped","63","54","28","26","NaN","NaN","NaN",NA,NA,NA,NA,NA,NA,"0.717460317460317","0.490695128626163","0.226765188834154","1","0.517241379310345","0.482758620689655","1.93333333333333","5","58","2012","63","1.3448275862069","0",NA,NA,"0.606135803570315","0.032100667693888","FALSE","FALSE","FALSE","FALSE"
"11","25111792","Liang 2014","All observational","-0.426278769130069","0.798373289125454","0.996016526370255","0.0893478426681553","-0.0449089955125615","0.223604680848872","0.18560164786297","log.or","Not possible","1.00006610529211","Inf","1.00006610529211","-0.00567419276300079","-0.117120627128521","0.105772241602519","0.917645201831164","plos","PLOS One","med","scraped","42","42","4","38","NaN","NaN","NaN",NA,NA,NA,NA,NA,NA,"NaN","NaN","NaN",NA,NA,NA,NA,NA,NA,NA,"0","1.02631578947368","0",NA,NA,NA,NA,"FALSE","FALSE","FALSE","FALSE"
"12","25141289","Liebherz 2014","Mixed","-0.670764624530753","0.263437259761203","0.303285342028929","0.747083355059805","0.702742645557462","0.791424064562148","0","smd","Not possible","Not possible","Inf","Inf","0.435193424442213","0.19285897907213","0.677527869812297","0.00678786719861213","plos","PLOS One","soc","author.contact","80","54","45","9","NaN","NaN","NaN",NA,NA,NA,NA,NA,NA,"NaN","NaN","NaN",NA,NA,NA,NA,NA,NA,NA,"0","0","0",NA,NA,NA,NA,"FALSE","FALSE","FALSE","FALSE"
"13","25162620","Coetzee 2014","Unclear","-1.288475433267","0.170866997204482","4.61408606259715e-06","0.596859559807348","0.290326336133","0.903392783481696","0.000220198129270432","smd","3.16597903802552","1.2926214031792","3.16597903802552","1.2926214031792","-0.100362120258968","-0.294368020576739","0.0936437800588027","0.305621878186404","plos","PLOS One","nat","public","853","82","23","59","NaN","NaN","NaN",NA,NA,NA,NA,NA,NA,"NaN","NaN","NaN",NA,NA,NA,NA,NA,NA,NA,"0","5.7825370675453","0.00703399765533412",NA,NA,NA,NA,"TRUE","FALSE","TRUE","FALSE"
"14","25216101","Xie 2014","All randomized","-1.04781201684683","0.503279552750833","0.0041464611025991","0.287731998849641","-0.0248607255582869","0.600324723257569","0.0699933383413525","smd","5.67388720977938","1.00006610529211","5.67388720977938","1.00006610529211","-0.0295200455822963","-0.229219994387036","0.170179903222444","0.763634788403211","plos","PLOS One","nat","public","72","39","8","31","NaN","NaN","NaN",NA,NA,NA,NA,NA,NA,"NaN","NaN","NaN",NA,NA,NA,NA,NA,NA,NA,"0","5.94915254237288","0",NA,NA,NA,NA,"TRUE","FALSE","TRUE","FALSE"
"15","25225888","Xiao 2014","All observational","-0.818212393207019","0.374526239068076","0.603106822490478","0.109569360092275","0.00618020568442704","0.212958514500122","0.038288865448429","log-ratio","27.0932242142897","1.11487519943768","27.0932242142897","1.11487519943768","-0.0101802826792303","-0.0829770840081928","0.0626165186497322","0.777336952677323","plos","PLOS One","med","scraped","53","48","9","39","NaN","NaN","NaN",NA,NA,NA,NA,NA,NA,"0.141509433962264","0.52645209027007","-0.384942656307806","0.5","0.254901960784314","0.245098039215686","1.96153846153846","2","51","2005","53","4.43181818181818","0.0188679245283019",NA,NA,"-0.0918075492531227","1.75269905533063","TRUE","FALSE","FALSE","FALSE"
"16","25365303","Klümper 2014","All observational","0.66923989918157","0.292417491885442","0.244615918970735","35.2790867986559","28.7526180710996","41.8055555262122","2.19380069665931e-13","other","Not possible","Not possible","Inf","Inf","6.00687680908112","1.05625159650767","10.9575020216546","0.0248536241799138","plos","PLOS One","nat","author.contact","122","42","31","11","NaN","NaN","NaN",NA,NA,NA,NA,NA,NA,"NaN","NaN","NaN",NA,NA,NA,NA,NA,NA,NA,"0","0","0",NA,NA,NA,NA,"FALSE","FALSE","FALSE","FALSE"
"17","25409023","Rai 2014","All observational","-0.764691019322337","0.242167859139834","0.00165191509066732","0.25867001258126","0.166329242829226","0.351010782333295","8.24875729499297e-07","log-ratio","Not possible","Not possible","Inf","Inf","0.0476841045192257","-0.0278728669901561","0.123241076028607","0.204112389909322","plos","PLOS One","med","scraped","60","54","18","36","NaN","NaN","NaN",NA,NA,NA,NA,NA,NA,"0.516666666666666","0.511781609195402","0.00488505747126411","0.5","0.327586206896552","0.172413793103448","1.52631578947368","2","58","2008","60","0.951219512195122","0",NA,NA,"0.476924072090309","0.538314176245211","FALSE","FALSE","TRUE","FALSE"
"18","25548908","Lean 2014","All randomized","2.59918204408707","1.58690248857178","0.685101407797713","1.39985356194791","0.986403337822617","1.8133037860732","2.59382713363454e-05","smd","Not possible","Not possible","Inf","Inf","0.514611264381313","8.4280967372008e-05","1.02913824779525","0.0499801886857789","plos","PLOS One","nat","scraped","47","12","11","1","NaN","NaN","NaN",NA,NA,NA,NA,NA,NA,"NaN","NaN","NaN",NA,NA,NA,NA,NA,NA,NA,"0","0","0",NA,NA,NA,NA,"FALSE","FALSE","FALSE","FALSE"
"19","26023925","Hartgerink 2015","All randomized","0.400804687111389","0.189901521498625","0.0506227024598811","1.32487997423467","1.10539363863089","1.54436630983845","0","smd","Not possible","> 200","Inf","200","0.17024052855614","-0.0314118790698927","0.371892936182173","0.0935414550328424","plos","PLOS One","soc","public","105","82","64","18","NaN","NaN","NaN",NA,NA,NA,NA,NA,NA,"NaN","NaN","NaN",NA,NA,NA,NA,NA,NA,NA,"0","1.77272727272727","0",NA,NA,NA,NA,"FALSE","FALSE","FALSE","FALSE"
"20","26305785","Verkuil 2015","All observational","0.613941673493594","0.894772014992152","0.452614268465712","0.392550923650213","0.333559958104748","0.451541889195677","2.22044604925031e-16","z","Not possible","> 200","Inf","200","0.0936729843507216","-0.066588827110788","0.253934795812231","0.0852070953081925","plos","PLOS One","soc","public","48","41","39","2","NaN","NaN","NaN",NA,NA,NA,NA,NA,NA,"NaN","NaN","NaN",NA,NA,NA,NA,NA,NA,NA,"0","0","0",NA,NA,NA,NA,"FALSE","FALSE","FALSE","FALSE"
"21","26398658","Paradies 2015","All observational","0.742453066004488","0.0906254606990214","0.237877320855118","0.233996901219615","0.214698488263934","0.253295314175296","0","z","Not possible","Not possible","Inf","Inf","0.0670010830454651","0.0459786161560844","0.0880235499348458","3.40326401238045e-06","plos","PLOS One","soc","author.contact","173","173","143","30","NaN","NaN","NaN",NA,NA,NA,NA,NA,NA,"NaN","NaN","NaN",NA,NA,NA,NA,NA,NA,NA,"0","0","0",NA,NA,NA,NA,"FALSE","FALSE","FALSE","FALSE"
"22","26785039","González-Browne 2016","Unclear","-0.943200158129858","0.478408349189623","0.206240938002492","0.242048029768911","-0.114857097969007","0.598953157506828","0.174890440247257","smd","4.51784798493825","1.00006610529211","4.51784798493825","1.00006610529211","-0.166356715326244","-0.474786725504839","0.142073294852351","0.270650950872005","plos","PLOS One","nat","public","37","27","8","19","NaN","NaN","NaN",NA,NA,NA,NA,NA,NA,"NaN","NaN","NaN",NA,NA,NA,NA,NA,NA,NA,"0","6","0",NA,NA,NA,NA,"TRUE","FALSE","FALSE","FALSE"
"23","27416099","Endendijk 2016","All observational","-0.728659726538681","0.233533926683971","2.32048664486301e-11","0.0691217275173897","0.0140895031539706","0.124153951880809","0.0143733755348305","smd","Not possible","1.00006610529211","Inf","1.00006610529211","0.025292048265322","-0.0282798206946422","0.0788639172252862","0.350708489670025","plos","PLOS One","soc","author.contact","145","114","10","104","NaN","NaN","NaN",NA,NA,NA,NA,NA,NA,"NaN","NaN","NaN",NA,NA,NA,NA,NA,NA,NA,"0","2.05263157894737","0.503448275862069",NA,NA,NA,NA,"FALSE","TRUE","TRUE","FALSE"
"24","27835651","Kambach 2016","Mixed","-0.10118825189097","0.391085351483863","0.577431414811827","-0.00183190806066575","-0.118727267589583","0.115063451468252","0.974966604249079","z","1.0016894660304","1.00006610529211","1.0016894660304","1.00006610529211","-0.130675061162669","-0.225718334982804","-0.0356317873425338","0.00835807707971492","plos","PLOS One","nat","public","156","59","8","51","NaN","NaN","NaN",NA,NA,NA,NA,NA,NA,"NaN","NaN","NaN",NA,NA,NA,NA,NA,NA,NA,"0","3.41605839416058","0.0961538461538462",NA,NA,NA,NA,"TRUE","TRUE","FALSE","FALSE"
"25","27870889","Rytwinski 2016","Unclear","-0.488716814384887","0.472127779092704","0.374174926338506","0.97960445451632","0.414830548979084","1.54437836005356","0.00137355080143031","smd","Not possible","7.63143237503898","Inf","7.63143237503898","0.155515057472106","-0.243702340231187","0.554732455175398","0.419670075154648","plos","PLOS One","nat","author.contact","31","31","10","21","NaN","NaN","NaN",NA,NA,NA,NA,NA,NA,"NaN","NaN","NaN",NA,NA,NA,NA,NA,NA,NA,"0","1.85714285714286","0",NA,NA,NA,NA,"FALSE","FALSE","FALSE","FALSE"
"26","28085922","McEwan 2017","All randomized","-0.874343706233443","0.347844275799843","0.00129804352815932","0.721088493583954","0.475538537320418","0.96663844984749","1.19203032244997e-06","smd","Not possible","Not possible","Inf","Inf","0.201059646367199","-0.00125262480688623","0.403371917541285","0.0511960515104775","plos","PLOS One","soc","scraped","39","33","18","15","NaN","NaN","NaN",NA,NA,NA,NA,NA,NA,"0.358974358974359","0.521136521136521","-0.162162162162162","1","0.486486486486487","0.513513513513513","2.05555555555556","2","37","2007","39","1.95","0.0256410256410256",NA,NA,"0.593063722002963","0.0974937343358396","FALSE","FALSE","TRUE","FALSE"
"27","28700609","Lori 2016","Mixed","1.03430051253274","0.506735062428972","1.73849610550025e-05","0.392806915504398","0.272157040286603","0.513456790722193","6.0028215731478e-08","other","17.9953647324908","8.5925985336939","17.9953647324908","8.5925985336939","-0.162271653846046","-0.26537569799094","-0.0591676097011525","0.00499345999851641","plos","PLOS One","nat","author.contact","100","43","37","6","NaN","NaN","NaN",NA,NA,NA,NA,NA,NA,"NaN","NaN","NaN",NA,NA,NA,NA,NA,NA,NA,"0","30.6428571428571","0.02",NA,NA,NA,NA,"TRUE","FALSE","TRUE","FALSE"
"28","28700728","Huang 2017","All observational","0.508433359846782","0.312285352911039","0.882786874718704","0.315318202869155","0.187834452446135","0.442801953292175","1.58402241985378e-05","log.or","Not possible","4.55129902840548","Inf","4.55129902840548","0.00324680292680944","-0.192218413471304","0.198712019324923","0.972753041765392","plos","PLOS One","soc","scraped","126","42","14","28","NaN","NaN","NaN",NA,NA,NA,NA,NA,NA,"NaN","NaN","NaN",NA,NA,NA,NA,NA,NA,NA,"0","4.43181818181818","0.0317460317460317",NA,NA,NA,NA,"TRUE","FALSE","FALSE","FALSE"
"29","29293522","del-Pino-Casado 2018","All observational","1.08203121494631","0.68284815766761","0.115129148981444","0.391432050609603","0.342668975440038","0.440195125779168","0","z","Not possible","23.1725373835407","Inf","23.1725373835407","0.144464700042168","-0.0429183008862157","0.331847700970551","0.0804689516571542","plos","PLOS One","soc","scraped","46","43","40","3","NaN","NaN","NaN",NA,NA,NA,NA,NA,NA,"0.173913043478261","0.532114624505929","-0.358201581027668","1","0.886363636363636","0.113636363636364","1.12820512820513","2","44","2011.5","46","0","0",NA,NA,"-0.051959738930711","0.069760900140647","FALSE","FALSE","FALSE","FALSE"
"30","29360884","Adams 2018","All observational","0.171617246673582","0.174316754464099","0.25925776358994","0.0684538615110148","-0.0471763950463159","0.184084118068346","0.241727595941552","log-ratio","1.44391493289001","1.00006610529211","1.44391493289001","1.00006610529211","-0.210467490451148","-0.28620991172245","-0.134725069179845","1.72552470556475e-06","plos","PLOS One","med","author.contact","83","77","24","53","NaN","NaN","NaN",NA,NA,NA,NA,NA,NA,"0.451807228915663","0.511209394540186","-0.0594021656245232","0.5","0.607594936708861","-0.107594936708861","0.822916666666667","4","79","2008","83","16.4210526315789","0",NA,NA,"-0.23572233352107","0.777341772151899","TRUE","FALSE","FALSE","FALSE"
"31","29408858","Li 2018","All randomized","0.350421881457111","0.290277451607533","0.201530134267848","0.196121481919453","0.0921523049657058","0.300090658873199","0.000497901109892007","log.hr","8.1931690348492","2.25807828649553","8.1931690348492","2.25807828649553","-0.0290119340312016","-0.116005961077252","0.057982093014849","0.49194940141342","plos","PLOS One","med","public","50","39","17","22","NaN","NaN","NaN",NA,NA,NA,NA,NA,NA,"NaN","NaN","NaN",NA,NA,NA,NA,NA,NA,NA,"0","4.17857142857143","0.02",NA,NA,NA,NA,"TRUE","FALSE","FALSE","FALSE"
"32","29474359","Shi 2018","All randomized","0.697286846744288","0.417052317622336","0.0895825862246698","0.410926245214677","0.194671633027702","0.627180857401651","0.000549686420584949","log.rr","Not possible","9.18581927752395","Inf","9.18581927752395","0.0721615979477202","-0.0999766735991496","0.24429986949459","0.374166373238606","plos","PLOS One","med","author.contact","52","41","11","30","NaN","NaN","NaN",NA,NA,NA,NA,NA,NA,"NaN","NaN","NaN",NA,NA,NA,NA,NA,NA,NA,"0","0.975","0.0769230769230769",NA,NA,NA,NA,"FALSE","TRUE","FALSE","FALSE"
"33","30188907","Pietschnig 2018","All observational","0.0756350837190468","0.485273394181917","0.665970596121358","0.0877239904284875","0.0529428503328778","0.122505130524097","1.86577766723151e-05","z","Not possible","Not possible","Inf","Inf","0.0523990242951481","0.0236120194150272","0.0811860291752691","0.00108212322847745","plos","PLOS One","soc","public","78","31","5","26","NaN","NaN","NaN",NA,NA,NA,NA,NA,NA,"NaN","NaN","NaN",NA,NA,NA,NA,NA,NA,NA,"0","0.722222222222222","0",NA,NA,NA,NA,"FALSE","FALSE","FALSE","FALSE"
"34","Abstract rule learning","Rabagliati 2019","Unclear","1.250593246626","0.71005126062333","0.888561132339393","0.222140789792735","0.0300667404608509","0.41421483912462","0.0259743800972032","smd","8.24748049244005","1.75346710623168","8.24748049244005","1.75346710623168","-0.118261792400016","-0.245363254834834","0.00883967003480293","0.065715155769166","metalab","Metalab",NA,NA,"90","18","8","10","0.630409356725146","0.491873963515755","0.138535393209392",NA,NA,NA,NA,NA,NA,"0.509259259259259","0.505291005291005","0.00396825396825407","0.833333333333333","0.44047619047619","0.392857142857143","1.89189189189189","6","84","2010","90","6.1578947368421","0","-0.243823756551748","0.136146751622007","0.336472236621213","0.188095238095238","TRUE","FALSE","FALSE","FALSE"
"35","Abstract rule learning.sens",NA,NA,"2.81098778855777","0.722579135834479","0.555023692007566","0.200659163585218","0.0249996262050487","0.376318700965387","0.0273622090461574","smd","7.80365647942831","1.72907911580879","7.80365647942831","1.72907911580879","-0.11086775445266","-0.225289713979866","0.00355420507454524","0.0566384581539501","metalab.sens","Metalab (sens.)",NA,NA,"94","20","10","10","NaN","NaN","NaN",NA,NA,NA,NA,NA,NA,"NaN","NaN","NaN",NA,NA,NA,NA,NA,NA,NA,"0","5.75409836065574","0",NA,NA,NA,NA,"TRUE","FALSE","FALSE","FALSE"
"36","aim_2","Pillay 2015","All randomized","0.872890422962683","0.27088008200185","0.00043521271464626","0.256526192292808","0.155947000373067","0.35710538421255","4.02006794031351e-06","smd","Not possible","6.58591708124768","Inf","6.58591708124768","0.0125195549310995","-0.0691924450090011","0.0942315548712001","0.75601336453676","top.med","Top medical",NA,"author.contact","64","61","26","35","NaN","0.500625","NaN",NA,NA,NA,NA,NA,NA,"0.59375","0.505040322580645","0.0887096774193549","0.5","0.435483870967742","0.0645161290322581","1.14814814814815","2","62","2010","64","2.05263157894737","0","0.170625517030763","1.02690378476972","0.215111379616946","0.523870967741936","FALSE","FALSE","TRUE","FALSE"
"37","jama_11","Bratton 2015","All randomized","0.136420828942624","0.419419583678657","0.246134693957237","2.57008314409106","1.53399133232103","3.60617495586109","1.33741148664601e-05","other","Not possible","Not possible","Inf","Inf","0.766835547556298","-0.173832051391235","1.70750314650383","0.102138792118024","top.med","Top medical",NA,"scraped","47","47","12","35","0.366430260047281","0.550951847704367","-0.184521587657086","0.222222222222222","0.315789473684211","-0.0935672514619883","0.703703703703704","9","38","0.430851063829787","0.523503216229589","-0.0926521523998024","0","0.325581395348837","-0.325581395348837","0","4","43","2010","47","2.22857142857143","0.0212765957446809","-0.957533690408204","0.953482190324296","-1.04412410338404","1.85727272727273","FALSE","FALSE","FALSE","FALSE"
"38","jama_14","Flegal 2013","All observational","0.0590718957194006","0.16529167921138","0.265416373635794","0.0675776365052432","0.035460562632005","0.0996947103784813","7.36006212000984e-05","log-ratio","Not possible","3.18835962401988","Inf","3.18835962401988","-0.00890049870765447","-0.0376914338825359","0.019890436467227","0.537483828614828","top.med","Top medical",NA,"author.contact","139","93","27","66","0.369989722507708","0.531720078482668","-0.16173035597496",NA,NA,NA,NA,NA,NA,"0.899280575539568","0.513942130966759","0.385338444572809",NA,NA,NA,NA,NA,NA,"2008","138","4.54368932038835","0.0287769784172662","0.013730192811902","0.380310012568077","-0.0563529365511317","1.52015088346238","TRUE","FALSE","FALSE","FALSE"
"39","jama_2","Busse 2018","All randomized","0.541316866093445","0.282321136201119","0.177091296723307","2.08330565734931","1.36703463190109","2.79957668279752","9.264370326445e-07","smd","Not possible","Not possible","Inf","Inf","0.598370862369757","-0.0575321733025101","1.25427389804202","0.0709469268154908","top.med","Top medical",NA,"scraped","51","49","19","30","0.601307189542484","0.517476555839727","0.0838306337027565",NA,NA,NA,NA,NA,NA,"0.196078431372549","0.524609843937575","-0.328531412565026",NA,NA,NA,NA,NA,NA,"2010","50","2.51612903225806","0.0784313725490196","0.589962944324715","0.203751065643649","-0.494696241836107","1.52878048780488","FALSE","TRUE","FALSE","FALSE"
"40","lancet_12","Hole 2015","All randomized","-1.00818384477671","0.329201349880959","1.21604514347409e-07","0.832730091079006","0.481478292316947","1.18398188984106","2.90472080721749e-05","smd","Not possible","Not possible","Inf","Inf","0.159215726604797","0.0526641480655139","0.26576730514408","0.0072577379353933","top.med","Top medical",NA,"scraped","39","36","19","17","NaN","0.492618492618493","NaN",NA,NA,NA,NA,NA,NA,"0.346153846153846","0.525294525294525","-0.179140679140679","0","0.513513513513513","-0.513513513513513","0","2","37","2008","39","0","0.0769230769230769","0.0923733201310152","1.03510436432638","-1.12458777507137","1.69163292847503","FALSE","TRUE","TRUE","FALSE"
"41","lancet_4","Aldridge 2018","Mixed","4.60517018598809","-464456.91669889","0.0237851431540816","0.863622235919708","0.746601883987281","0.980642587852134","8.54671888816938e-11","other",NA,NA,NA,NA,NA,NA,NA,NA,"top.med","Top medical",NA,"scraped","119","17","17","0","NaN","0.509497916813784","NaN","NaN","0.983193277310924","NaN","NaN","0","119","0.294817927170868","0.533574177334485","-0.238756250163617","1","0.981308411214953","0.0186915887850467","1.01904761904762","12","107","2007","119","0","0","-0.672093771362113","1.00017730496454","-0.0158004389451828","0.00329633680344581","FALSE","FALSE","TRUE","FALSE"
"42","lancet_7","IL6R Consortium 2017","All randomized","-0.402129077293841","0.143428937574831","0.855659893605865","0.688119518724423","0.553295005072198","0.822944032376647","1.99840144432528e-15","log-ratio","Not possible","Not possible","Inf","Inf","0.335778067982642","0.229810424802569","0.441745711162715","3.21899493727074e-07","top.med","Top medical",NA,"scraped","99","99","31","68","NaN","0.511140819964349","NaN",NA,NA,NA,NA,NA,NA,"0.702020202020202","0.506924919296053","0.195095282724149","0.5","0.329896907216495","0.170103092783505","1.515625","2","97","1999","99","1.14705882352941","0.0101010101010101","0.520534437892952","1.03428773418169","0.480366416281282","0.523024054982818","FALSE","FALSE","FALSE","FALSE"
"43","Mispronunciation sensitivity","Von Holzen 2018","Unclear","1.14638748384417","0.459750159067539","0.00868704986322472","0.543964646626688","0.308168244330563","0.779761048922812","7.17205868616677e-05","smd","17.1321615924143","4.64423701508737","17.1321615924143","4.64423701508737","-0.0144108281255633","-0.145936849975383","0.117115193724256","0.822525087348374","metalab","Metalab",NA,NA,"212","26","17","9","0.762054507337526","0.463119103773585","0.298935403563941",NA,NA,NA,NA,NA,NA,"0.865566037735849","0.470886589571921","0.394679448163928",NA,NA,NA,NA,NA,NA,"2011","188","6.56435643564356","0","0.600681952887852","0.0135149572649573","0.521578415542253","0.0721298838945898","TRUE","FALSE","TRUE","FALSE"
"44","Mispronunciation sensitivity.sens",NA,NA,"0.868443801065613","0.358404777089572","0.952145385566276","0.481157928970336","0.26450828525378","0.697807572686892","8.29072801746822e-05","smd","6.77617228388558","1.89552526736931","6.77617228388558","1.89552526736931","-0.0335353776597066","-0.158227307485016","0.0911565521656025","0.586272071177622","metalab.sens","Metalab (sens.)",NA,NA,"251","32","19","13","NaN","NaN","NaN",NA,NA,NA,NA,NA,NA,"NaN","NaN","NaN",NA,NA,NA,NA,NA,NA,NA,"0","8.76744186046512","0",NA,NA,NA,NA,"TRUE","FALSE","FALSE","FALSE"
"45","Natural word segmentation","Bergmann 2016","Unclear","1.22023028061013","0.218604398811691","0.528702944819361","0.217318857140877","0.158591504164294","0.276046210117459","6.66696031714764e-10","smd","10.3362108878087","4.00257001496424","10.3362108878087","4.00257001496424","-0.014735673497708","-0.0586390768074623","0.0291677298120463","0.502799813874897","metalab","Metalab",NA,NA,"281","59","27","32","0.508357597325569","0.491678192357302","0.0166794049682673",NA,NA,NA,NA,NA,NA,"0.618327402135231","0.498377067772086","0.119950334363146","0.625","0.509157509157509","0.115842490842491","1.22751798561151","8","273","2008","281","4.96815286624204","0.00711743772241993","0.0015607931996352","0.0470680072489823","0.360344672827695","0.0797403576815342","TRUE","FALSE","FALSE","FALSE"
"46","Natural word segmentation.sens",NA,NA,"1.24151783333686","0.175398142187774","0.962144330945821","0.188282620046917","0.133839651045026","0.242725589048807","1.9342689672186e-09","smd","7.31648637839926","3.4100451193926","7.31648637839926","3.4100451193926","-0.0290304473185892","-0.0721046277260359","0.0140437330888575","0.182658284151802","metalab.sens","Metalab (sens.)",NA,NA,"315","73","34","39","NaN","NaN","NaN",NA,NA,NA,NA,NA,NA,"NaN","NaN","NaN",NA,NA,NA,NA,NA,NA,NA,"0","5.54098360655738","0.00634920634920635",NA,NA,NA,NA,"TRUE","FALSE","FALSE","FALSE"
"47","pb_1","Nguyen 2019","Mixed","0.505619076986402","0.179822507918143","0.196876049145261","0.242745493702588","0.167914937341033","0.317576050064144","9.83360111117548e-08","smd","Not possible","Not possible","Inf","Inf","0.147116267011286","0.0897468205424656","0.204485713480106","1.03454281030757e-05","top.psych","Top psychology",NA,"scraped","55","52","9","43","0.618181818181818","0.50530303030303","0.112878787878788",NA,NA,NA,NA,NA,NA,"0.595454545454545","0.508021390374332","0.0874331550802139","0.25","0.176470588235294","0.0735294117647059","1.41666666666667","4","51","2014","55","0","0.0181818181818182","0.575364144903562","0.756944444444445","0.348306694268216","0.841503267973856","FALSE","FALSE","FALSE","FALSE"
"48","pb_11","Cracco 2018","All randomized","1.35630988189135","0.115678603931743","0.0434299876847139","0.940525633121335","0.850091268882327","1.03095999736034","0","smd","Not possible","Not possible","Inf","Inf","0.196625600191049","0.114442119609507","0.27880908077259","1.55199017144447e-05","top.psych","Top psychology",NA,"scraped","525","123","96","27","0.597655677655678","0.49348623853211","0.104169439123568",NA,NA,NA,NA,NA,NA,"0.489319727891156","0.501672894509917","-0.0123531666187602","0.464285714285714","0.680080482897384","-0.21579476861167","0.682692307692308","28","497","2010","525","1.71428571428571","0.0114285714285714","0.162788798612893","0.0127536554866347","-0.357757781077564","0.0422270218044866","FALSE","FALSE","TRUE","FALSE"
"49","pb_12","Kugler 2018","All observational","-0.32183708325818","0.536920174577762","0.696053522237003","0.184794095892963","0.0800088184479008","0.289579373338024","0.00134921115228792","smd","Not possible","3.44425513826082","Inf","3.44425513826082","0.0287393120897388","-0.061529491174822","0.1190081153543","0.49318288998644","top.psych","Top psychology",NA,"scraped","35","27","7","20","0.58021978021978","0.479699248120301","0.100520532099479",NA,NA,NA,NA,NA,NA,"0.6","0.511688311688312","0.0883116883116885","0.5","0.303030303030303","0.196969696969697","1.65","2","33","2008","35","1.56","0.0571428571428571","-0.131336002061087","0.403778677462888","0.606135803570316","0.580808080808081","FALSE","TRUE","FALSE","FALSE"
"50","pb_13","Weingarten 2018","All randomized","1.29977328225306","0.117332974462696","2.52195492360567e-06","0.168084875245016","0.139460682802536","0.196709067687495","0","z","Not possible","15.1886466859503","Inf","15.1886466859503","0.0302208412809685","-0.00706831946004629","0.0675100020219832","0.110875523485576","top.psych","Top psychology",NA,"public","447","120","46","74","0.52503581931981","0.476816291116952","0.0482195282028579",NA,NA,NA,NA,NA,NA,"0.527591349739001","0.500408855974697","0.0271824937643035","0.166666666666667","0.402298850574713","-0.235632183908046","0.414285714285714","12","435","2008","447","3.54545454545455","0.00671140939597315","0.472608580122652","0.0180233501256452","-0.713625711903486","0.421124572848711","TRUE","FALSE","TRUE","FALSE"
"51","pb_16","Bediou 2018","All observational","2.05357497670972","0.225945577745759","0.137477952202379","0.709745722585263","0.581165355605832","0.838326089564694","1.33226762955019e-15","smd","Not possible","Not possible","Inf","Inf","0.270551855823029","0.171860693218262","0.369243018427796","1.03377197482324e-05","top.psych","Top psychology",NA,"public","171","62","39","23","0.492499364352911","0.502829654782117","-0.0103302904292054",NA,NA,NA,NA,NA,NA,"0.550543024227235","0.500927114534303","0.0496159096929314","0.428571428571429","0.49390243902439","-0.0653310104529617","0.867724867724868","7","164","2013","171","0.443181818181818","0.0116959064327485","-0.0747112573339465","0.0342088436781836","-0.129458067236887","0.196878629500581","FALSE","FALSE","FALSE","FALSE"
"52","pb_17","Peng 2018","Unclear","0.460921651571812","0.0894341843473984","0.000136203097391343","0.31863785309569","0.292749856782571","0.344525849408809","0","z","Not possible","Not possible","Inf","Inf","0.125955984603342","0.0962643515158341","0.155647617690849","2.66009436700188e-12","top.psych","Top psychology",NA,"public","1300","125","86","39","0.488179001093693","0.514776645041705","-0.0265976439480122",NA,NA,NA,NA,NA,NA,"0.929313186813187","0.499421262699565","0.429891924113622","0.892857142857143","0.664308176100629","0.228548966756514","1.34404057480981","28","1272","2004","1300","0.712328767123288","0.00538461538461538","-0.0879898138268041","0.00197705969465995","0.305192988103589","0.00469429389392871","FALSE","FALSE","TRUE","FALSE"
"53","pb_18","Le 2018","All observational","-0.742744234804956","3.55276140053835","0.530792375109373","0.00626182971421298","-0.132755459094592","0.145279118523018","0.893632182992181","z","2.36541323956258","1.91633305646162","2.36541323956258","1.91633305646162","-0.0828026283924374","-0.254491940616226","0.0888866838313514","0.213498474477497","top.psych","Top psychology",NA,"public","26","4","1","3","0.432692307692308","0.571153846153846","-0.138461538461538",NA,NA,NA,NA,NA,NA,"0.534023668639053","NaN","NaN","0.692307692307692","NaN","NaN","NaN","26","0","2013","26","16.7142857142857","0","-1.78379129957888","1.83238095238095","-0.0769610411361283","1.04296296296296","TRUE","FALSE","FALSE","FALSE"
"54","pb_19","Chu 2017","All observational","-0.43030170731005","0.776543306265201","0.000252149479406786","0.393780471891825","0.345437863927236","0.442123079856413","0","z","77.8094241901586","9.13111669759018","77.8094241901586","9.13111669759018","-0.0930249816780822","-0.727354185583553","0.541304222227388","0.592141385748747","top.psych","Top psychology",NA,"author.contact","53","53","50","3","NaN","0.509071117561684","NaN",NA,NA,NA,NA,NA,NA,"0.506289308176101","0.51264552388599","-0.00635621570988898","1","0.957446808510638","0.0425531914893617","1.04444444444444","6","47","2014","53","13","0","-0.624827936582468","1.00133409567372","0.00160384958197451","0.0126275877680372","TRUE","FALSE","TRUE","FALSE"
"55","pb_2","Coles 2019","All randomized","-0.00149612703899879","0.179122785669919","0.00832150557275257","0.262870432172797","0.177485009878711","0.348255854466883","3.42047026258285e-08","smd","Not possible","5.18909590464183","Inf","5.18909590464183","0.0065391520929032","-0.0504682997911372","0.0635466039769436","0.818887496902711","top.psych","Top psychology",NA,"public","230","82","24","58","0.465217391304348","0.515531540588087","-0.0503141492837396",NA,NA,NA,NA,NA,NA,"0.588198757763975","0.4996295574186","0.0885692003453749","0.571428571428571","0.36322869955157","0.208199871877002","1.57319223985891","7","223","2008","230","2.98089171974522","0.00869565217391304","-0.366629677178875","0.0699100644628224","0.613449478927437","0.11715130583331","FALSE","FALSE","TRUE","FALSE"
"56","pb_20","Zeegers 2017","Mixed","0.226927207219493","0.219234957254583","0.131179313547555","0.253580095668324","0.193657308182336","0.313502883154312","6.71160904630597e-11","z","Not possible","Not possible","Inf","Inf","0.0585530427927026","-0.00350830470939338","0.120614390294799","0.063086461195708","top.psych","Top psychology",NA,"public","74","49","29","20","0.45945945945946","0.497377974989915","-0.0379185155304556",NA,NA,NA,NA,NA,NA,"0.656756756756757","0.502546024285155","0.154210732471602","0.8","0.536231884057971","0.263768115942029","1.49189189189189","5","69","2007","74","1.14705882352941","0.0405405405405405","0.215708572826692","0.179519071310116","0.42744401482694","0.0632850241545894","FALSE","FALSE","FALSE","FALSE"
"57","pb_3","Huguley 2019","All observational","-0.472540067764957","0.255009759127626","0.0256625282750877","0.194733575373872","0.144569288186852","0.244897862560893","8.77158568002301e-10","z","Not possible","16.9510989808307","Inf","16.9510989808307","0.017909489658138","-0.0149764255098778","0.0507954048261539","0.275902794057347","top.psych","Top psychology",NA,"scraped","407","44","23","21","NaN","0.507636971554497","NaN",NA,NA,NA,NA,NA,NA,"0.415701415701416","0.514487403088439","-0.0987859873870237","0.380952380952381","0.55440414507772","-0.173451764125339","0.687138406764575","21","386","2013","407","3.28217821782178","0.0171990171990172","-0.00512821636691951","1.00254439542666","-0.431041949897814","0.0976979267134708","TRUE","FALSE","TRUE","FALSE"
"58","pb_5","Mason 2019","Unclear","1.89861338979142","0.305558178499664","4.44350493976366e-06","0.266242999103216","0.21997607051962","0.312509927686811","0","z","> 200","8.6861934852559","200","8.6861934852559","-0.00503159708500796","-0.180242975611717","0.170179781441701","0.950151751099019","top.psych","Top psychology",NA,"scraped","62","62","51","11","0.537634408602151","0.525921658986175","0.0117127496159759",NA,NA,NA,NA,NA,NA,"0.233870967741935","0.531451612903226","-0.29758064516129","0","0.9","-0.9","0","2","60","2005.5","62","10.6363636363636","0","0.0918075492531227","0.0401484480431849","-1.62246741272443","1.66969069977187","TRUE","FALSE","TRUE","FALSE"
"59","pb_7","Kassai 2019","All randomized","-0.304322315844237","0.367353244636851","0.0205862087360366","0.45982555395088","0.326876286516475","0.592774821385284","1.09379461488146e-07","smd","Not possible","Not possible","Inf","Inf","0.25032296319799","0.18644509859706","0.31420082779892","3.22015281994936e-07","top.psych","Top psychology",NA,"scraped","36","31","11","20","0.337962962962963","0.551724137931034","-0.213761174968072",NA,NA,NA,NA,NA,NA,"0.537037037037037","0.511784511784512","0.0252525252525255","0.333333333333333","0.333333333333333","0","1","3","33","2013","36","0","0","-1.76358859226136","1.90380952380952","0","0.727272727272727","FALSE","FALSE","TRUE","FALSE"
"60","pb_8","Peng 2019","Mixed","-0.137559407444984","0.0229895374235866","7.70843422590233e-09","0.393101151862904","0.375688325545043","0.410513978180764","0","z","Not possible","Not possible","Inf","Inf","0.0958777475527748","0.0814941220330553","0.110261373072494","0","top.psych","Top psychology",NA,"author.contact","3223","615","463","152","0.500012703359615","0.509054769034828","-0.00904206567521293",NA,NA,NA,NA,NA,NA,"0.678787878787879","0.506610451841232","0.172177426946647","0.666666666666667","0.72288029925187","-0.0562136325852037","0.922236596234009","15","3208","2007","3223","1.01960784313725","0.00279242941358982","0.0905997814815213","0.000890862298286782","-0.0705502616164048","0.0334573424825735","FALSE","FALSE","TRUE","FALSE"
"61","pb_9","Gerlach 2019","All randomized","0.307719350228988","0.26499692690609","0.0457373751100237","0.0536553351474733","0.0061964296289802","0.101114240665966","0.0273207325545033","smd","Not possible","29.0456820950042","Inf","29.0456820950042","0.00470200448848051","-0.0388345671912177","0.0482385761681787","0.829108302616073","top.psych","Top psychology",NA,"public","376","86","9","77","0.550184124386252","0.480380003606203","0.0698041207800494",NA,NA,NA,NA,NA,NA,"0.665558510638298","0.499842713337909","0.165715797300389","0.75","0.0860215053763441","0.663978494623656","8.71875","4","372","2015","376","0.78448275862069","0.023936170212766","0.970990804011438","0.14147949508119","2.41233595695317","0.120645161290323","FALSE","FALSE","TRUE","FALSE"
"62","pps_1","Vasilev 2018","All randomized","-0.605522769015336","0.272228955250893","0.167421684048019","0.297565468607733","0.189250730526297","0.405880206689169","1.7546298791693e-06","smd","Not possible","27.6044310690948","Inf","27.6044310690948","0.0336260804740754","-0.0420872196797451","0.109339380627896","0.371385023507584","top.psych","Top psychology",NA,"public","120","46","16","30","0.599444444444444","0.488480392156863","0.110964052287581",NA,NA,NA,NA,NA,NA,"0.691666666666667","0.499358974358974","0.192307692307692","0.666666666666667","0.393162393162393","0.273504273504273","1.69565217391304","3","117","2000","120","2.05263157894737","0.00833333333333333","-0.111225635110225","0.14984520123839","0.619039208406224","0.181929181929182","FALSE","FALSE","FALSE","FALSE"
"63","ps_1","Batz-Barbarich 2018","All observational","0.197419809172491","0.102560900291295","0.125065041634543","0.0223629009575331","-0.00866319332189544","0.0533889952369616","0.156309502014524","smd","1.12637912690473","1.00006610529211","1.12637912690473","1.00006610529211","-0.047533917385372","-0.0664415966220832","-0.0286262381486607","4.75435043911787e-06","top.psych","Top psychology",NA,"author.contact","258","145","36","109","0.779069767441861","0.530588274774321","0.24848149266754",NA,NA,NA,NA,NA,NA,"0.184108527131783","0.51445918120155","-0.330350654069767","0.5","0.38671875","0.11328125","1.29292929292929","2","256","2014","258","9.51674641148325","0.0581395348837209","0.199713299505824","1.51674228675136","-0.14465605390748","1.68297763628503","TRUE","TRUE","FALSE","FALSE"
"64","ps_2","Ritchie 2018","All observational","0.642947240485388","0.688088912275179","0.00242012971772884","0.499571280053529","0.0223597849731549","0.976782775133903","0.041739271742173","other","Not possible","118.729179191343","Inf","118.729179191343","-0.00885379810665346","-0.148992998952684","0.131285402739377","0.671822889296281","top.psych","Top psychology",NA,"public","103","18","11","7","0.230582524271845","0.58084142394822","-0.350258899676375",NA,NA,NA,NA,NA,NA,"0.364077669902913","0.553524145757155","-0.189446475854243","0.5","0.688311688311688","-0.188311688311688","0.726415094339623","26","77","2011","103","0","0","-0.418710334858185","0.0875438596491228","-0.319633672258383","0.0443424500028274","FALSE","FALSE","TRUE","FALSE"
"65","Statistical word segmentation","Black 2017","Unclear","4.00308134255092","1.3145854512388","0.037259059831769","0.032791632070349","-0.106059232311005","0.171642496451703","0.629649047967995","smd","1.45971970711454","1.00006610529211","1.45971970711454","1.00006610529211","-0.258547095160802","-0.366633571213396","-0.150460619108208","8.37294428222002e-05","metalab","Metalab",NA,NA,"85","24","11","13","0.767058823529412","0.489705882352941","0.277352941176471","1","0.6125","0.3875","1.63265306122449","5","80","0.674509803921569","0.499856527977044","0.174653275944524","1","0.621951219512195","0.378048780487805","1.6078431372549","3","82","2010","85","16.6111111111111","0.0235294117647059","1.03029304469063","0.0405416851957733","0.935405127897471","0.058753812241447","TRUE","FALSE","TRUE","FALSE"
"66","Statistical word segmentation.sens",NA,NA,"4.60517018598809","2.35734148366815","0.0188355750975998","0.0315173705575595","-0.0957692563152096","0.158803997430329","0.614403829523659","smd","1.45731253249988","1.00006610529211","1.45731253249988","1.00006610529211","-0.23553637443519","-0.337208565695515","-0.133864183174865","9.79967025198647e-05","metalab.sens","Metalab (sens.)",NA,NA,"91","26","12","14","NaN","NaN","NaN",NA,NA,NA,NA,NA,NA,"NaN","NaN","NaN",NA,NA,NA,NA,NA,NA,NA,"0","15.864406779661","0.021978021978022",NA,NA,NA,NA,"TRUE","FALSE","TRUE","FALSE"
"67","Switch task","Tsui 2019","Unclear","1.62482361190669","0.48642094025518","0.570888967868174","0.203409845530636","0.0901077287338533","0.316711962327418","0.000804284104829467","smd","3.36446705498071","1.35606360541884","3.36446705498071","1.35606360541884","-0.0411722914271329","-0.106653803140587","0.0243092202863209","0.208129265394628","metalab","Metalab",NA,NA,"131","41","14","27","0.591178965224767","0.508157461457866","0.0830215037669012",NA,NA,NA,NA,NA,NA,"0.622137404580153","0.498320610687023","0.12381679389313","0.5","0.424","0.076","1.17924528301887","6","125","2011","131","6.13483146067416","0.0152671755725191","0.287682072451781","0.0890522875816994","0.471604910612709","0.184307692307692","TRUE","FALSE","FALSE","FALSE"
"68","Switch task.sens",NA,NA,"1.97979029401714","0.482198057841291","0.0667872641114895","0.184059788537169","0.0768667174105969","0.291252859663742","0.0011942679314505","smd","3.14005353535713","1.37504291974949","3.14005353535713","1.37504291974949","-0.0619456551832707","-0.129700219368995","0.00580890900245398","0.0718144700117405","metalab.sens","Metalab (sens.)",NA,NA,"143","47","16","31","NaN","NaN","NaN",NA,NA,NA,NA,NA,NA,"NaN","NaN","NaN",NA,NA,NA,NA,NA,NA,NA,"0","6.03092783505155","0.013986013986014",NA,NA,NA,NA,"TRUE","FALSE","FALSE","FALSE"
