study,pval,tstat,tcrit,mui,muin,yi,vi,viTrue,m,N,hack,rhoEmp,covEmp,signif,affirm,Di
4,0.00206913879687455,3.1637119502338,1.98421695158642,4.83705981527429,4.83705981527429,4.63866202712362,2.14976799032609,2.25,100,1,affirm,,,TRUE,TRUE,TRUE
24,0.0405934688558028,2.07485751402276,1.98421695158642,2.68694082781974,2.68694082781974,3.13889302979095,2.28863468466403,2.25,100,1,affirm,,,TRUE,TRUE,TRUE
27,0.0154795875849397,2.46360482889939,1.98421695158642,2.4599231837544,2.4599231837544,3.66916408487999,2.21815644968023,2.25,100,1,affirm,,,TRUE,TRUE,TRUE
32,0.00966943890640818,2.63864088841335,1.98421695158642,2.56279255536697,2.56279255536697,3.71547119302877,1.98274663252332,2.25,100,1,affirm,,,TRUE,TRUE,TRUE
33,0.00334070132725122,3.00736139789322,1.98421695158642,2.1515902246792,2.1515902246792,4.19161073616205,1.94263248309965,2.25,100,1,affirm,,,TRUE,TRUE,TRUE
42,0.0247762638271688,2.27961845022941,1.98421695158642,4.23611019040917,4.23611019040917,3.19774125883551,1.96771553463217,2.25,100,1,affirm,,,TRUE,TRUE,TRUE
43,2.27805951013844e-05,4.44716527647741,1.98421695158642,2.58361278679821,2.58361278679821,6.21006929035764,1.94996291442546,2.25,100,1,affirm,,,TRUE,TRUE,TRUE
44,0.0120153088827834,2.55887000184862,1.98421695158642,4.10037865874387,4.10037865874387,3.69405666069242,2.08406211568098,2.25,100,1,affirm,,,TRUE,TRUE,TRUE
45,0.0181047434296494,2.4034080571492,1.98421695158642,2.3198516102616,2.3198516102616,3.89494813145751,2.626324177172,2.25,100,1,affirm,,,TRUE,TRUE,TRUE
49,0.0167252296098154,2.4339918714107,1.98421695158642,0.716692929315155,0.716692929315155,3.17228535154606,1.69865915677889,2.25,100,1,affirm,,,TRUE,TRUE,TRUE
51,0.0282300101171285,2.22674973606466,1.98421695158642,3.79061111768958,3.79061111768958,3.18097380561493,2.040691552204,2.25,100,1,affirm,,,TRUE,TRUE,TRUE
52,2.30882908317072e-07,5.5581996417719,1.98421695158642,4.77716734666268,4.77716734666268,7.95943795858061,2.05067350355069,2.25,100,1,affirm,,,TRUE,TRUE,TRUE
53,0.0104976075433313,2.60865949097232,1.98421695158642,0.0512073201638406,0.0512073201638406,3.56035444229622,1.8627376042667,2.25,100,1,affirm,,,TRUE,TRUE,TRUE
58,0.00172603359377598,3.22152922856296,1.98421695158642,3.88216058598476,3.88216058598476,4.70208671326705,2.13038019355205,2.25,100,1,affirm,,,TRUE,TRUE,TRUE
61,0.0115270611514104,2.57423661791559,1.98421695158642,2.25744075139267,2.25744075139267,3.5094668895258,1.85859759662613,2.25,100,1,affirm,,,TRUE,TRUE,TRUE
75,0.000476204497665368,3.61389797399925,1.98421695158642,1.85412921075697,1.85412921075697,4.83106879713893,1.78704162738389,2.25,100,1,affirm,,,TRUE,TRUE,TRUE
76,0.0416629604038147,2.06369456766501,1.98421695158642,2.20062148442522,2.20062148442522,3.24315882427345,2.46970791215776,2.25,100,1,affirm,,,TRUE,TRUE,TRUE
81,0.0078659175380083,2.7129395011735,1.98421695158642,1.5377596717456,1.5377596717456,4.10460727622323,2.28909071212953,2.25,100,1,affirm,,,TRUE,TRUE,TRUE
83,0.000301153838957315,3.74685287983321,1.98421695158642,4.65938936566458,4.65938936566458,5.39699150545141,2.07477108729608,2.25,100,1,affirm,,,TRUE,TRUE,TRUE
86,0.0239337225996139,2.29349448707562,1.98421695158642,1.18627885690328,1.18627885690328,3.47487291925506,2.29552724618805,2.25,100,1,affirm,,,TRUE,TRUE,TRUE
96,0.0138571016614312,2.5055483573623,1.98421695158642,3.53833961306164,3.53833961306164,4.07650160826831,2.64709579298327,2.25,100,1,affirm,,,TRUE,TRUE,TRUE
97,0.000217592618484795,3.83933157623836,1.98421695158642,4.65065728059759,4.65065728059759,5.51936123566708,2.0666474507464,2.25,100,1,affirm,,,TRUE,TRUE,TRUE
99,0.0290942129440225,2.21441149759183,1.98421695158642,2.69854198374976,2.69854198374976,3.7699618687651,2.89839291691563,2.25,100,1,affirm,,,TRUE,TRUE,TRUE
102,0.00119205770118529,3.3374478766879,1.98421695158642,3.19487898617644,3.19487898617644,4.93166096845537,2.18352134882081,2.25,100,1,affirm,,,TRUE,TRUE,TRUE
103,0.0318059613195076,2.17767036901118,1.98421695158642,2.53692579186738,2.53692579186738,3.73151590736814,2.93620457508628,2.25,100,1,affirm,,,TRUE,TRUE,TRUE
106,0.00725525154207944,2.74164569020877,1.98421695158642,4.10876491434734,4.10876491434734,4.14910785390438,2.29027055850497,2.25,100,1,affirm,,,TRUE,TRUE,TRUE
124,0.0297868044435975,2.20475241750077,1.98421695158642,1.13670752615252,1.13670752615252,2.828892567942,1.64631621021982,2.25,100,1,affirm,,,TRUE,TRUE,TRUE
127,0.0359481030546946,2.1264973504995,1.98421695158642,2.06204263183048,2.06204263183048,3.45004197792129,2.6322011029295,2.25,100,1,affirm,,,TRUE,TRUE,TRUE
129,1.34919245487862e-07,5.68069772087616,1.98421695158642,5.74501094826298,5.74501094826298,8.09915368601548,2.03271231961733,2.25,100,1,affirm,,,TRUE,TRUE,TRUE
135,0.00258295663732487,3.09199048927151,1.98421695158642,1.76440576181619,1.76440576181619,4.74271490088557,2.35276059895657,2.25,100,1,affirm,,,TRUE,TRUE,TRUE
139,0.000389709103068404,3.67244238745207,1.98421695158642,3.58150220963376,3.58150220963376,4.840281622766,1.73712583471698,2.25,100,1,affirm,,,TRUE,TRUE,TRUE
148,0.0180306364831152,2.40499738994252,1.98421695158642,4.26806158413322,4.26806158413322,3.62064278070627,2.26642910413928,2.25,100,1,affirm,,,TRUE,TRUE,TRUE
150,0.0332947382454801,2.15864506677182,1.98421695158642,2.59800825253563,2.59800825253563,3.29489189853401,2.3298065478029,2.25,100,1,affirm,,,TRUE,TRUE,TRUE
154,0.0174559309535573,2.41752393439084,1.98421695158642,2.49594374452028,2.49594374452028,3.70350005802216,2.34683818901293,2.25,100,1,affirm,,,TRUE,TRUE,TRUE
158,0.0100146338143191,2.62587229877627,1.98421695158642,2.82662857916125,2.82662857916125,3.4697783185543,1.74604830525278,2.25,100,1,affirm,,,TRUE,TRUE,TRUE
159,0.000759661145374768,3.47501401353235,1.98421695158642,3.30251737671445,3.30251737671445,5.15949483876003,2.20445503151641,2.25,100,1,affirm,,,TRUE,TRUE,TRUE
168,9.2087179978161e-05,4.07749093481104,1.98421695158642,1.92792103605437,1.92792103605437,5.70660503862384,1.95870766422425,2.25,100,1,affirm,,,TRUE,TRUE,TRUE
170,7.78378499544697e-06,4.71945841485177,1.98421695158642,4.91312871289364,4.91312871289364,6.72922595850057,2.03303987047015,2.25,100,1,affirm,,,TRUE,TRUE,TRUE
172,0.00763288134129372,2.72364652109921,1.98421695158642,0.607336378748045,0.607336378748045,4.17213728347859,2.34647371543805,2.25,100,1,affirm,,,TRUE,TRUE,TRUE
176,0.0370525051202363,2.11371963000008,1.98421695158642,3.07560129430439,3.07560129430439,3.3262306375395,2.47633820248425,2.25,100,1,affirm,,,TRUE,TRUE,TRUE
177,0.000518894872449545,3.58863253267835,1.98421695158642,2.87500772990241,2.87500772990241,5.4729545059894,2.32587138885631,2.25,100,1,affirm,,,TRUE,TRUE,TRUE
178,0.02079255851645,2.34934013314474,1.98421695158642,1.65923581526277,1.65923581526277,3.43803184257602,2.1415488931846,2.25,100,1,affirm,,,TRUE,TRUE,TRUE
180,0.0122485264269786,2.55172737337915,1.98421695158642,2.21768286749903,2.21768286749903,3.66966049034655,2.06815568018036,2.25,100,1,affirm,,,TRUE,TRUE,TRUE
182,0.00993985625311607,2.62860412844074,1.98421695158642,4.58077569604808,4.58077569604808,3.95696167282575,2.2660699728326,2.25,100,1,affirm,,,TRUE,TRUE,TRUE
193,0.000973790663381284,3.39965450764276,1.98421695158642,2.80342203139196,2.80342203139196,5.57758760736626,2.69167879643852,2.25,100,1,affirm,,,TRUE,TRUE,TRUE
195,0.0314549383397087,2.18226881319004,1.98421695158642,0.593415806689275,0.593415806689275,2.93674971952602,1.81099553467462,2.25,100,1,affirm,,,TRUE,TRUE,TRUE
197,0.047580069382663,2.00604089871723,1.98421695158642,2.20807138047815,2.20807138047815,3.25864533714779,2.63872799634334,2.25,100,1,affirm,,,TRUE,TRUE,TRUE
203,0.0251962613526491,2.27285575677754,1.98421695158642,1.18535669197266,1.18535669197266,3.72270715149829,2.68271166457906,2.25,100,1,affirm,,,TRUE,TRUE,TRUE
210,0.0167489053705835,2.43344832772831,1.98421695158642,1.45894339871693,1.45894339871693,3.09425530342594,1.61684366875522,2.25,100,1,affirm,,,TRUE,TRUE,TRUE
217,6.60156385975501e-05,4.16737169940586,1.98421695158642,3.13051089555352,3.13051089555352,6.30426312020312,2.28846453107036,2.25,100,1,affirm,,,TRUE,TRUE,TRUE
226,2.68278059865535e-09,6.54270521447142,1.98421695158642,8.48575293368667,8.48575293368667,9.07630969729141,1.92443791981916,2.25,100,1,affirm,,,TRUE,TRUE,TRUE
231,0.000297952810654135,3.74991687263476,1.98421695158642,4.13802240656249,4.13802240656249,6.10579771760189,2.65119421517341,2.25,100,1,affirm,,,TRUE,TRUE,TRUE
234,0.0275752455866195,2.23631977582905,1.98421695158642,3.30405257202958,3.30405257202958,3.42210371692911,2.3416313690445,2.25,100,1,affirm,,,TRUE,TRUE,TRUE
240,0.0153673657350847,2.46637615141296,1.98421695158642,2.35797337516228,2.35797337516228,3.72631130694961,2.28265167123019,2.25,100,1,affirm,,,TRUE,TRUE,TRUE
242,0.0110416857730724,2.59010544603847,1.98421695158642,3.05133968269142,3.05133968269142,3.83032969043657,2.18694279781904,2.25,100,1,affirm,,,TRUE,TRUE,TRUE
243,0.0110669011432372,2.58926571352794,1.98421695158642,2.33115018174921,2.33115018174921,3.26718078642382,1.59218340032799,2.25,100,1,affirm,,,TRUE,TRUE,TRUE
248,0.00123436699402822,3.32664154777777,1.98421695158642,0.646282921619372,0.646282921619372,4.96011715423017,2.22316580602738,2.25,100,1,affirm,,,TRUE,TRUE,TRUE
249,0.011438417162653,2.57708921087971,1.98421695158642,1.97211248981817,1.97211248981817,4.01797237915192,2.43083224364214,2.25,100,1,affirm,,,TRUE,TRUE,TRUE
254,0.0292867068535443,2.21170694342058,1.98421695158642,2.94543098732716,2.94543098732716,3.3167473350847,2.24889725841088,2.25,100,1,affirm,,,TRUE,TRUE,TRUE
258,0.0372988426496992,2.11091454502939,1.98421695158642,2.129984615721,2.129984615721,3.45395716468709,2.67727257787031,2.25,100,1,affirm,,,TRUE,TRUE,TRUE
259,0.00911925421026476,2.65987116683847,1.98421695158642,2.264538851496,2.264538851496,4.2802723031575,2.58953386187387,2.25,100,1,affirm,,,TRUE,TRUE,TRUE
261,0.000617492807944938,3.53707559282364,1.98421695158642,2.86204148207581,2.86204148207581,5.9857219693316,2.86381129708589,2.25,100,1,affirm,,,TRUE,TRUE,TRUE
280,0.0479758601734791,2.00240770207866,1.98421695158642,1.46279007128463,1.46279007128463,2.91340145263597,2.11687712869264,2.25,100,1,affirm,,,TRUE,TRUE,TRUE
283,0.00368784621490061,2.97440241133127,1.98421695158642,4.05232247829428,4.05232247829428,4.67347402341155,2.46876764589195,2.25,100,1,affirm,,,TRUE,TRUE,TRUE
289,0.0200970871569803,2.36270733286381,1.98421695158642,1.80630133059066,1.80630133059066,3.69037016964193,2.43960774720429,2.25,100,1,affirm,,,TRUE,TRUE,TRUE
299,3.2993372635303e-06,4.93090046271275,1.98421695158642,6.34806179895605,6.34806179895605,7.00171310997898,2.01630465268297,2.25,100,1,affirm,,,TRUE,TRUE,TRUE
303,0.0151585422677295,2.47158154543282,1.98421695158642,2.21975024172255,2.21975024172255,3.48208271310085,1.98485268252208,2.25,100,1,affirm,,,TRUE,TRUE,TRUE
304,0.0392576130703286,2.08916183939273,1.98421695158642,0.727302774439129,0.727302774439129,2.87621297296383,1.8953870663191,2.25,100,1,affirm,,,TRUE,TRUE,TRUE
309,0.04643148038067,2.01673253703899,1.98421695158642,2.92708862195502,2.92708862195502,2.57227496826041,1.62681501752773,2.25,100,1,affirm,,,TRUE,TRUE,TRUE
310,0.012101444409603,2.55621756519986,1.98421695158642,1.72437956149294,1.72437956149294,3.81958507684371,2.23273276771415,2.25,100,1,affirm,,,TRUE,TRUE,TRUE
315,0.0047867559976008,2.88622399953744,1.98421695158642,2.80952442798686,2.80952442798686,3.58635830749735,1.54399996777712,2.25,100,1,affirm,,,TRUE,TRUE,TRUE
324,0.0133928276875459,2.51836044522387,1.98421695158642,5.71806670837556,5.71806670837556,3.80433988814248,2.28203784665077,2.25,100,1,affirm,,,TRUE,TRUE,TRUE
326,0.0257834567255544,2.26356505582503,1.98421695158642,3.24706527804054,3.24706527804054,3.35551306074746,2.19751528993652,2.25,100,1,affirm,,,TRUE,TRUE,TRUE
334,0.0118713202956435,2.56334240567782,1.98421695158642,2.84948559686192,2.84948559686192,3.92206791419845,2.34108388171624,2.25,100,1,affirm,,,TRUE,TRUE,TRUE
339,0.00826563265670676,2.69522845949334,1.98421695158642,0.837289995531205,0.837289995531205,3.30782595243759,1.50623984830993,2.25,100,1,affirm,,,TRUE,TRUE,TRUE
342,0.0110551263646898,2.58965762700185,1.98421695158642,2.55486192298354,2.55486192298354,4.11550817496248,2.52558643279003,2.25,100,1,affirm,,,TRUE,TRUE,TRUE
355,0.0402962865026559,2.07800429438054,1.98421695158642,1.98760387092705,1.98760387092705,3.15853989798677,2.31036104278861,2.25,100,1,affirm,,,TRUE,TRUE,TRUE
361,0.000598929511280927,3.54615720873139,1.98421695158642,5.1946612116158,5.1946612116158,5.36511980010268,2.28898463862063,2.25,100,1,affirm,,,TRUE,TRUE,TRUE
364,0.0138596145306859,2.50548006598384,1.98421695158642,2.46358662820261,2.46358662820261,3.81646845121803,2.32028562666904,2.25,100,1,affirm,,,TRUE,TRUE,TRUE
365,0.0122120311849253,2.55283697502246,1.98421695158642,4.1441727071868,4.1441727071868,3.56350777643537,1.94853970040563,2.25,100,1,affirm,,,TRUE,TRUE,TRUE
371,0.040571450115609,2.07508998296219,1.98421695158642,1.71462642766263,1.71462642766263,3.21625332883042,2.40229661613223,2.25,100,1,affirm,,,TRUE,TRUE,TRUE
381,3.68362535774936e-05,4.32213348816076,1.98421695158642,3.77553807885623,3.77553807885623,6.1468183075809,2.02257390861937,2.25,100,1,affirm,,,TRUE,TRUE,TRUE
382,0.00898819147499924,2.66509941235824,1.98421695158642,2.72780003953277,2.72780003953277,3.93714822304191,2.18241181020563,2.25,100,1,affirm,,,TRUE,TRUE,TRUE
383,0.0104403164058494,2.61066344618379,1.98421695158642,3.91804322659103,3.91804322659103,3.53097014946663,1.82930581748736,2.25,100,1,affirm,,,TRUE,TRUE,TRUE
384,0.0328022152235317,2.16485574207375,1.98421695158642,-0.046691064841099,-0.046691064841099,3.03863174054843,1.97014511546813,2.25,100,1,affirm,,,TRUE,TRUE,TRUE
388,0.000557356359839642,3.56750088103904,1.98421695158642,4.31463449133301,4.31463449133301,5.01169196837829,1.97351559438307,2.25,100,1,affirm,,,TRUE,TRUE,TRUE
390,4.20866614943537e-08,5.94234258752036,1.98421695158642,5.71474498157573,5.71474498157573,9.51645841030353,2.56469270021844,2.25,100,1,affirm,,,TRUE,TRUE,TRUE
397,0.000644326511112407,3.52439358382384,1.98421695158642,2.98384583589122,2.98384583589122,5.34830163299507,2.302835847119,2.25,100,1,affirm,,,TRUE,TRUE,TRUE
398,0.00660616752966949,2.77467972586968,1.98421695158642,4.81105727230171,4.81105727230171,4.4264171062382,2.5449482135956,2.25,100,1,affirm,,,TRUE,TRUE,TRUE
399,0.00166085300991867,3.23371468392687,1.98421695158642,1.67617169521198,1.67617169521198,4.42579425735073,1.87317798256252,2.25,100,1,affirm,,,TRUE,TRUE,TRUE
403,1.86603155588481e-05,4.4984675125255,1.98421695158642,5.1987396841307,5.1987396841307,6.32683809484607,1.97808188168888,2.25,100,1,affirm,,,TRUE,TRUE,TRUE
407,0.00047751882360893,3.61308866542356,1.98421695158642,5.06327914662996,5.06327914662996,5.55918121024858,2.36736064124058,2.25,100,1,affirm,,,TRUE,TRUE,TRUE
409,0.00228659340790571,3.13153681457007,1.98421695158642,3.5992246799511,3.5992246799511,4.28461429146454,1.87201110543439,2.25,100,1,affirm,,,TRUE,TRUE,TRUE
417,0.00743410499914713,2.73301717418512,1.98421695158642,3.04329646523398,3.04329646523398,3.91159615581998,2.04844024513517,2.25,100,1,affirm,,,TRUE,TRUE,TRUE
423,0.00447229961763088,2.90937395340862,1.98421695158642,5.9772097348311,5.9772097348311,4.4617267093247,2.35183493722652,2.25,100,1,affirm,,,TRUE,TRUE,TRUE
425,0.00386033881260411,2.9590778472626,1.98421695158642,3.54408185847367,3.54408185847367,4.29606622417732,2.1077988024717,2.25,100,1,affirm,,,TRUE,TRUE,TRUE
426,0.0036669775856932,2.97630106203065,1.98421695158642,3.26250560639212,3.26250560639212,4.45073952095034,2.23619997011436,2.25,100,1,affirm,,,TRUE,TRUE,TRUE
432,6.21684658997828e-05,4.1834592394517,1.98421695158642,2.94658232976692,2.94658232976692,6.1149364135607,2.13654875147267,2.25,100,1,affirm,,,TRUE,TRUE,TRUE
439,0.0254286860290177,2.26915578257474,1.98421695158642,1.37427596714427,1.37427596714427,3.27743756509294,2.08612453066476,2.25,100,1,affirm,,,TRUE,TRUE,TRUE
441,0.0105536607655019,2.60670837233303,1.98421695158642,3.55899969956893,3.55899969956893,3.53680128414911,1.84092639869332,2.25,100,1,affirm,,,TRUE,TRUE,TRUE
445,0.000145799449694492,3.95134918186872,1.98421695158642,3.25465293869895,3.25465293869895,6.28813979767487,2.53252392282236,2.25,100,1,affirm,,,TRUE,TRUE,TRUE
447,6.20671748792702e-05,4.18389560701253,1.98421695158642,3.30037255657356,3.30037255657356,5.94604452355556,2.01973612806108,2.25,100,1,affirm,,,TRUE,TRUE,TRUE
452,0.0300830306552683,2.20068091870645,1.98421695158642,1.57956321358291,1.57956321358291,3.470119193394,2.4864207937267,2.25,100,1,affirm,,,TRUE,TRUE,TRUE
459,0.00217274865586529,3.14800798126501,1.98421695158642,3.39686648184969,3.39686648184969,4.82284209424258,2.34711536289324,2.25,100,1,affirm,,,TRUE,TRUE,TRUE
464,0.00343287350470233,2.99831245293374,1.98421695158642,2.38861997913403,2.38861997913403,4.05419703694416,1.82833564692752,2.25,100,1,affirm,,,TRUE,TRUE,TRUE
470,0.00137514453139253,3.29302829976323,1.98421695158642,2.02179534067283,2.02179534067283,5.58797255073093,2.87950344357547,2.25,100,1,affirm,,,TRUE,TRUE,TRUE
473,0.0209846641395715,2.34571758932623,1.98421695158642,1.62481682776607,1.62481682776607,3.71986725152425,2.51479990183269,2.25,100,1,affirm,,,TRUE,TRUE,TRUE
476,0.00336245393085074,3.00520523302822,1.98421695158642,4.81527957001389,4.81527957001389,4.5523972350125,2.29473230140452,2.25,100,1,affirm,,,TRUE,TRUE,TRUE
480,0.00416602990072294,2.93340806805484,1.98421695158642,0.194185428115299,0.194185428115299,4.22031101399545,2.06987419524687,2.25,100,1,affirm,,,TRUE,TRUE,TRUE
483,0.00261254346994523,3.08827710193515,1.98421695158642,2.5284388657788,2.5284388657788,4.34694540061575,1.9812343447871,2.25,100,1,affirm,,,TRUE,TRUE,TRUE
493,0.0240621434342315,2.29135199493187,1.98421695158642,3.13147584762832,3.13147584762832,3.53212974493246,2.3762365724604,2.25,100,1,affirm,,,TRUE,TRUE,TRUE
494,9.12843585408246e-05,4.07987106006947,1.98421695158642,5.41185999139123,5.41185999139123,6.86510772879097,2.83140397575767,2.25,100,1,affirm,,,TRUE,TRUE,TRUE
498,5.36192242460652e-06,4.81190177870461,1.98421695158642,3.2089952436059,3.2089952436059,6.57502627162852,1.86707376773782,2.25,100,1,affirm,,,TRUE,TRUE,TRUE
499,0.00451985876329012,2.90577845891449,1.98421695158642,3.11824928990359,3.11824928990359,3.78292337037126,1.69484539669069,2.25,100,1,affirm,,,TRUE,TRUE,TRUE
503,0.0488462539143492,1.99450691834454,1.98421695158642,3.03298361432966,3.03298361432966,2.74127948390393,1.88901556922486,2.25,100,1,affirm,,,TRUE,TRUE,TRUE
504,0.0180634654597368,2.40429260893048,1.98421695158642,3.54625459383142,3.54625459383142,3.4659196320848,2.07808033862605,2.25,100,1,affirm,,,TRUE,TRUE,TRUE
507,0.00679590078375978,2.76472794465532,1.98421695158642,1.68030473249225,1.68030473249225,3.66264378360087,1.75503006632444,2.25,100,1,affirm,,,TRUE,TRUE,TRUE
516,2.00613623981022e-06,5.05123773730522,1.98421695158642,5.71623726058491,5.71623726058491,7.33308388647508,2.10754903548611,2.25,100,1,affirm,,,TRUE,TRUE,TRUE
522,0.0413150839535299,2.06729825294952,1.98421695158642,0.360208631879687,0.360208631879687,2.97208827944304,2.06688890925717,2.25,100,1,affirm,,,TRUE,TRUE,TRUE
527,0.00187040750238283,3.19599987129078,1.98421695158642,1.56815743112865,1.56815743112865,4.01075713285137,1.57485010149988,2.25,100,1,affirm,,,TRUE,TRUE,TRUE
532,0.00556583933311478,2.83438768757226,1.98421695158642,2.16458367474052,2.16458367474052,4.27845510024338,2.27853367671787,2.25,100,1,affirm,,,TRUE,TRUE,TRUE
533,6.7835430212613e-08,5.83575376823951,1.98421695158642,7.52416902910308,7.52416902910308,8.59378708011222,2.16857906316608,2.25,100,1,affirm,,,TRUE,TRUE,TRUE
534,5.65197960371717e-05,4.20890438184571,1.98421695158642,4.48026877993843,4.48026877993843,5.873171635902,1.94718522888722,2.25,100,1,affirm,,,TRUE,TRUE,TRUE
536,0.0110783050501256,2.58888650251546,1.98421695158642,2.44365001951541,2.44365001951541,3.65664225694968,1.99498174010706,2.25,100,1,affirm,,,TRUE,TRUE,TRUE
550,0.00630646344112301,2.79094431920878,1.98421695158642,3.14548953821512,3.14548953821512,4.24324199347558,2.31149658691936,2.25,100,1,affirm,,,TRUE,TRUE,TRUE
559,0.0316485206233101,2.17972736865738,1.98421695158642,1.77875280943464,1.77875280943464,3.41156213684955,2.44963972966655,2.25,100,1,affirm,,,TRUE,TRUE,TRUE
563,0.00013629821036631,3.97000474960488,1.98421695158642,3.90210377096684,3.90210377096684,5.34609259024069,1.81338867685986,2.25,100,1,affirm,,,TRUE,TRUE,TRUE
564,0.0176731445755801,2.41274690653348,1.98421695158642,3.35329779448839,3.35329779448839,3.37660800914195,1.95856395499858,2.25,100,1,affirm,,,TRUE,TRUE,TRUE
571,0.000487872126137318,3.60678627707575,1.98421695158642,4.75676392659969,4.75676392659969,5.32142479400711,2.17678251503672,2.25,100,1,affirm,,,TRUE,TRUE,TRUE
573,0.00929478148983319,2.65297483133632,1.98421695158642,2.34969118275063,2.34969118275063,3.76177233351835,2.01056795493218,2.25,100,1,affirm,,,TRUE,TRUE,TRUE
576,0.0219339404758815,2.32823637970511,1.98421695158642,3.48884433962807,3.48884433962807,3.82612014266635,2.70061741623564,2.25,100,1,affirm,,,TRUE,TRUE,TRUE
581,0.0404574276710667,2.07629554633081,1.98421695158642,3.41980621970781,3.41980621970781,3.25911848895524,2.46389363283522,2.25,100,1,affirm,,,TRUE,TRUE,TRUE
582,9.30641080875775e-05,4.07462132423604,1.98421695158642,5.59882100890037,5.59882100890037,6.03822085650684,2.19605635334931,2.25,100,1,affirm,,,TRUE,TRUE,TRUE
602,0.00055581822766563,3.56831911372825,1.98421695158642,4.36252201768369,4.36252201768369,5.39939473778419,2.28961670663137,2.25,100,1,affirm,,,TRUE,TRUE,TRUE
607,9.92163996857142e-05,4.05718703999294,1.98421695158642,4.75031957141173,4.75031957141173,5.33281074269105,1.72767593238878,2.25,100,1,affirm,,,TRUE,TRUE,TRUE
609,0.0416812695412506,2.06350561897819,1.98421695158642,2.21857252920957,2.21857252920957,3.10056303595831,2.2577186409195,2.25,100,1,affirm,,,TRUE,TRUE,TRUE
620,5.25405227735814e-05,4.22834275491164,1.98421695158642,5.14318874408963,5.14318874408963,6.38068026812425,2.27716026384901,2.25,100,1,affirm,,,TRUE,TRUE,TRUE
630,0.00219306919187826,3.14501000450317,1.98421695158642,5.85300911174781,5.85300911174781,4.62629244100557,2.16382483955061,2.25,100,1,affirm,,,TRUE,TRUE,TRUE
640,0.000117382717158068,4.01117192884181,1.98421695158642,4.96721702484368,4.96721702484368,6.52238580880722,2.64405456957284,2.25,100,1,affirm,,,TRUE,TRUE,TRUE
642,6.81133666387534e-05,4.15897530596322,1.98421695158642,3.85267667160878,3.85267667160878,6.23417226882723,2.24690605429708,2.25,100,1,affirm,,,TRUE,TRUE,TRUE
643,0.00389643738682648,2.955950881187,1.98421695158642,3.08076801112057,3.08076801112057,4.65919591525432,2.48443431339601,2.25,100,1,affirm,,,TRUE,TRUE,TRUE
662,0.0166823589187075,2.43497783625035,1.98421695158642,4.13752377690033,4.13752377690033,3.33924861216016,1.88064785621122,2.25,100,1,affirm,,,TRUE,TRUE,TRUE
674,0.0124436013559877,2.54584625992758,1.98421695158642,2.32609242415886,2.32609242415886,3.94737731870815,2.4041022526488,2.25,100,1,affirm,,,TRUE,TRUE,TRUE
677,0.000734952482916464,3.48496697751687,1.98421695158642,3.79678701816835,3.79678701816835,5.0884830876743,2.13196139534321,2.25,100,1,affirm,,,TRUE,TRUE,TRUE
685,0.0202130376572352,2.36045055131116,1.98421695158642,1.47881499350951,1.47881499350951,3.49893512704016,2.19726261737069,2.25,100,1,affirm,,,TRUE,TRUE,TRUE
703,0.000118680958228497,4.00815024515753,1.98421695158642,4.84921165190081,4.84921165190081,5.7570990354755,2.0630958975782,2.25,100,1,affirm,,,TRUE,TRUE,TRUE
711,0.0302218470452902,2.19878497398644,1.98421695158642,4.56797092166634,4.56797092166634,3.16682504540956,2.07435279615055,2.25,100,1,affirm,,,TRUE,TRUE,TRUE
718,0.0324820622882591,2.16893645453745,1.98421695158642,2.24274850031397,2.24274850031397,3.34421770053213,2.37736259838936,2.25,100,1,affirm,,,TRUE,TRUE,TRUE
721,0.042159719630312,2.05859316257151,1.98421695158642,1.18723458525489,1.18723458525489,2.85741397860667,1.92666087431932,2.25,100,1,affirm,,,TRUE,TRUE,TRUE
722,0.00423019300463116,2.92824128064036,1.98421695158642,0.187910838248151,0.187910838248151,4.78859046565909,2.67424797388093,2.25,100,1,affirm,,,TRUE,TRUE,TRUE
723,0.0428779411690147,2.05130800836745,1.98421695158642,-0.439172316065812,-0.439172316065812,2.6690985747047,1.69304100095857,2.25,100,1,affirm,,,TRUE,TRUE,TRUE
724,0.0419439591153777,2.06080250863608,1.98421695158642,2.85124548731852,2.85124548731852,3.60549555059415,3.06095665099222,2.25,100,1,affirm,,,TRUE,TRUE,TRUE
728,0.000838772464119279,3.44508128652295,1.98421695158642,3.51998903282359,3.51998903282359,5.16620654409733,2.24876764139721,2.25,100,1,affirm,,,TRUE,TRUE,TRUE
731,0.0001788980579715,3.89436789246476,1.98421695158642,5.31851746945521,5.31851746945521,5.76704694389485,2.19297166984283,2.25,100,1,affirm,,,TRUE,TRUE,TRUE
736,0.0149860224222418,2.47593057416,1.98421695158642,2.90664542818068,2.90664542818068,3.90563957948193,2.4883267072264,2.25,100,1,affirm,,,TRUE,TRUE,TRUE
739,0.0287729836953019,2.21895980753211,1.98421695158642,4.00457587619528,4.00457587619528,3.08611779241896,1.93431021418405,2.25,100,1,affirm,,,TRUE,TRUE,TRUE
744,6.15038765469023e-05,4.18633488529641,1.98421695158642,4.55547146259243,4.55547146259243,5.82436168121972,1.93565849768232,2.25,100,1,affirm,,,TRUE,TRUE,TRUE
751,0.00382589021101868,2.96208713596144,1.98421695158642,5.10533755750627,5.10533755750627,3.93125047684728,1.76143154945024,2.25,100,1,affirm,,,TRUE,TRUE,TRUE
754,0.00134442039406275,3.30007986576864,1.98421695158642,5.39139471895823,5.39139471895823,4.64732893798302,1.98316077990896,2.25,100,1,affirm,,,TRUE,TRUE,TRUE
756,0.0131576514308068,2.52500312816807,1.98421695158642,3.78772006975761,3.78772006975761,3.65370914812486,2.09384295063039,2.25,100,1,affirm,,,TRUE,TRUE,TRUE
759,0.0356478044792881,2.13003045723603,1.98421695158642,1.59424398650912,1.59424398650912,3.22624402121962,2.29415522067402,2.25,100,1,affirm,,,TRUE,TRUE,TRUE
768,0.00113546823958397,3.35247811860909,1.98421695158642,4.53622645742924,4.53622645742924,5.59147068094252,2.78176347302106,2.25,100,1,affirm,,,TRUE,TRUE,TRUE
769,0.0227406927971457,2.31389747753822,1.98421695158642,1.68855502508582,1.68855502508582,3.49591163449962,2.28261500468053,2.25,100,1,affirm,,,TRUE,TRUE,TRUE
771,0.000162323103805859,3.92151309350504,1.98421695158642,5.18921042164588,5.18921042164588,5.80837649465199,2.19382600245878,2.25,100,1,affirm,,,TRUE,TRUE,TRUE
772,0.00176475134136017,3.21449283249582,1.98421695158642,2.32263254956661,2.32263254956661,4.1045952389995,1.6304810312475,2.25,100,1,affirm,,,TRUE,TRUE,TRUE
776,0.0227930989466614,2.31298163991874,1.98421695158642,1.40317286839348,1.40317286839348,3.60761511035885,2.43274183561102,2.25,100,1,affirm,,,TRUE,TRUE,TRUE
779,3.30280837918658e-06,4.93064447206176,1.98421695158642,5.64055695280531,5.64055695280531,7.25050522070236,2.16236579108398,2.25,100,1,affirm,,,TRUE,TRUE,TRUE
780,7.69201683422303e-08,5.80754921797553,1.98421695158642,6.6030274455324,6.6030274455324,7.85202628297196,1.82800631269327,2.25,100,1,affirm,,,TRUE,TRUE,TRUE
781,8.71485143663526e-06,4.69123573011034,1.98421695158642,2.87957358149453,2.87957358149453,6.8331106131977,2.12159454154186,2.25,100,1,affirm,,,TRUE,TRUE,TRUE
794,0.0406170250463796,2.07460893314136,1.98421695158642,4.21720948223394,4.21720948223394,2.95156069324588,2.02409526518378,2.25,100,1,affirm,,,TRUE,TRUE,TRUE
795,0.00951374639532885,2.64453535749222,1.98421695158642,1.34008403150054,1.34008403150054,3.87095252121304,2.1425794406182,2.25,100,1,affirm,,,TRUE,TRUE,TRUE
800,0.00148948324503682,3.26802100373951,1.98421695158642,3.69907967152574,3.69907967152574,4.51436675224757,1.90820047356147,2.25,100,1,affirm,,,TRUE,TRUE,TRUE
803,0.0384059907674395,2.09850153998174,1.98421695158642,1.3267306689732,1.3267306689732,2.95189017941155,1.97870844749067,2.25,100,1,affirm,,,TRUE,TRUE,TRUE
805,0.00302017671360321,3.04073570446599,1.98421695158642,3.72940537456477,3.72940537456477,4.74784133813276,2.43800755734412,2.25,100,1,affirm,,,TRUE,TRUE,TRUE
806,6.90955221271459e-05,4.15512914620217,1.98421695158642,1.61137963879402,1.61137963879402,5.34505216466686,1.65475934606824,2.25,100,1,affirm,,,TRUE,TRUE,TRUE
808,1.25560910311683e-05,4.59935447656033,1.98421695158642,2.88186460162364,2.88186460162364,7.24528439170189,2.48151616964279,2.25,100,1,affirm,,,TRUE,TRUE,TRUE
809,0.0273182946445927,2.24012980156534,1.98421695158642,1.23120972881329,1.23120972881329,3.63885100918216,2.63865238702707,2.25,100,1,affirm,,,TRUE,TRUE,TRUE
814,0.0319916899467769,2.17525514442072,1.98421695158642,3.01427663401128,3.01427663401128,2.74916312775666,1.59727837538163,2.25,100,1,affirm,,,TRUE,TRUE,TRUE
817,0.0111331927980788,2.58706624527976,1.98421695158642,4.90120051779171,4.90120051779171,4.16900689523643,2.5968695124571,2.25,100,1,affirm,,,TRUE,TRUE,TRUE
819,1.12967093712164e-07,5.72092279513905,1.98421695158642,7.3495968601157,7.3495968601157,8.71239411535888,2.31922483093495,2.25,100,1,affirm,,,TRUE,TRUE,TRUE
822,0.0315983226116393,2.18038509051072,1.98421695158642,2.54723890253346,2.54723890253346,3.07433791724504,1.98809345517174,2.25,100,1,affirm,,,TRUE,TRUE,TRUE
823,0.0173120819626228,2.42071671055098,1.98421695158642,2.68491929906877,2.68491929906877,3.82775377749578,2.50034565604547,2.25,100,1,affirm,,,TRUE,TRUE,TRUE
826,0.0183996398161107,2.39714032364091,1.98421695158642,3.38741447816926,3.38741447816926,3.25870561972502,1.84800586061121,2.25,100,1,affirm,,,TRUE,TRUE,TRUE
827,0.00317206481167845,3.02453174006909,1.98421695158642,3.54410319710953,3.54410319710953,4.28134060870919,2.00374876401726,2.25,100,1,affirm,,,TRUE,TRUE,TRUE
828,0.0031949332018688,3.02215450985056,1.98421695158642,3.7904487370789,3.7904487370789,3.9457569574975,1.70461903416558,2.25,100,1,affirm,,,TRUE,TRUE,TRUE
831,2.35902630176517e-05,4.43814905197461,1.98421695158642,4.07156318706193,4.07156318706193,6.38612794053168,2.07048201689215,2.25,100,1,affirm,,,TRUE,TRUE,TRUE
833,0.00871722666565201,2.67613138650297,1.98421695158642,2.61510834119902,2.61510834119902,4.17725683908028,2.43650605083501,2.25,100,1,affirm,,,TRUE,TRUE,TRUE
837,0.0128869138463787,2.53278353983009,1.98421695158642,3.84049113598306,3.84049113598306,3.7556793989082,2.1987754211932,2.25,100,1,affirm,,,TRUE,TRUE,TRUE
848,0.00512514864950196,2.8628233226645,1.98421695158642,3.98815526952605,3.98815526952605,4.40588194325944,2.36851761289427,2.25,100,1,affirm,,,TRUE,TRUE,TRUE
867,0.00191110951959933,3.1891348180664,1.98421695158642,3.70514186510926,3.70514186510926,3.8605674101945,1.46540113028635,2.25,100,1,affirm,,,TRUE,TRUE,TRUE
871,0.0137386638575829,2.50877976068428,1.98421695158642,2.01418462015422,2.01418462015422,3.5486103249595,2.00074411838473,2.25,100,1,affirm,,,TRUE,TRUE,TRUE
874,0.00494880073614124,2.87483496735058,1.98421695158642,1.62677528475141,1.62677528475141,4.3239541875579,2.26222777682108,2.25,100,1,affirm,,,TRUE,TRUE,TRUE
876,0.00516188576561638,2.86036885131029,1.98421695158642,3.451359085251,3.451359085251,3.54277468905515,1.53406226207775,2.25,100,1,affirm,,,TRUE,TRUE,TRUE
884,0.0434555912584002,2.04552431937078,1.98421695158642,2.26865223726634,2.26865223726634,3.16696991467068,2.39705821248615,2.25,100,1,affirm,,,TRUE,TRUE,TRUE
889,0.00815813575496226,2.69991370557495,1.98421695158642,5.30184888092731,5.30184888092731,3.94337775445284,2.1332266338112,2.25,100,1,affirm,,,TRUE,TRUE,TRUE
892,0.0226580772451388,2.31534503548544,1.98421695158642,1.37332183858567,1.37332183858567,3.29893688339061,2.03009599550957,2.25,100,1,affirm,,,TRUE,TRUE,TRUE
896,0.00277197096667709,3.06891533382648,1.98421695158642,4.39330435162435,4.39330435162435,4.95714454696392,2.60911577951901,2.25,100,1,affirm,,,TRUE,TRUE,TRUE
901,1.33898856387329e-06,5.14792868446574,1.98421695158642,3.9108909195199,3.9108909195199,7.28541343741027,2.00282664780618,2.25,100,1,affirm,,,TRUE,TRUE,TRUE
906,0.00117894989337984,3.34086882093988,1.98421695158642,3.43212102276106,3.43212102276106,5.25839775819353,2.47735372695009,2.25,100,1,affirm,,,TRUE,TRUE,TRUE
908,0.000233618945797201,3.8192321002684,1.98421695158642,2.86875995377136,2.86875995377136,5.46484322208184,2.04740288393939,2.25,100,1,affirm,,,TRUE,TRUE,TRUE
910,0.0114389627436511,2.57707159307081,1.98421695158642,1.97474541047947,1.97474541047947,3.72360470717081,2.08772923967679,2.25,100,1,affirm,,,TRUE,TRUE,TRUE
911,0.0245735822785902,2.2829181041005,1.98421695158642,2.52659758397052,2.52659758397052,3.70713479289636,2.63691475609086,2.25,100,1,affirm,,,TRUE,TRUE,TRUE
920,0.0212261200125579,2.34120582600676,1.98421695158642,2.18034653299723,2.18034653299723,3.52383660832188,2.26543879667641,2.25,100,1,affirm,,,TRUE,TRUE,TRUE
924,0.035487335843002,2.13192899935466,1.98421695158642,4.55711542860525,4.55711542860525,3.60024627989278,2.85179922367135,2.25,100,1,affirm,,,TRUE,TRUE,TRUE
925,0.0367145474039513,2.11759435529647,1.98421695158642,4.67397159531224,4.67397159531224,2.98625456207355,1.98869467653423,2.25,100,1,affirm,,,TRUE,TRUE,TRUE
933,0.00764033282935618,2.72329958235668,1.98421695158642,2.48384837439159,2.48384837439159,4.27393523503628,2.46300353244544,2.25,100,1,affirm,,,TRUE,TRUE,TRUE
936,0.0262170824056952,2.25682267558737,1.98421695158642,1.64539955435618,1.64539955435618,3.10845169197665,1.89711374821459,2.25,100,1,affirm,,,TRUE,TRUE,TRUE
937,0.00403498937239443,2.94419197287138,1.98421695158642,2.23136195639249,2.23136195639249,4.48555632909284,2.32113489772953,2.25,100,1,affirm,,,TRUE,TRUE,TRUE
938,0.0493395059002316,1.99008266707548,1.98421695158642,3.22044741677271,3.22044741677271,3.2411219463335,2.65245795675071,2.25,100,1,affirm,,,TRUE,TRUE,TRUE
945,1.54561975866929e-05,4.54659989547379,1.98421695158642,4.77583309395083,4.77583309395083,6.47794163289239,2.03002125923755,2.25,100,1,affirm,,,TRUE,TRUE,TRUE
960,0.0148874112851352,2.47843659909981,1.98421695158642,-0.0151635868390896,-0.0151635868390896,3.93626454676104,2.52239402994233,2.25,100,1,affirm,,,TRUE,TRUE,TRUE
963,0.00485360484214785,2.88148337159527,1.98421695158642,0.671895458986734,0.671895458986734,4.01198629958242,1.93859303099354,2.25,100,1,affirm,,,TRUE,TRUE,TRUE
964,0.000582028242875883,3.55466005960946,1.98421695158642,3.2740911659938,3.2740911659938,4.68467780272803,1.73685396644825,2.25,100,1,affirm,,,TRUE,TRUE,TRUE
965,0.0275382549255565,2.23686634645193,1.98421695158642,2.86686596629965,2.86686596629965,3.24498135524236,2.10447775931847,2.25,100,1,affirm,,,TRUE,TRUE,TRUE
967,0.000380618690642899,3.67929595905788,1.98421695158642,4.40539234777506,4.40539234777506,4.92503043032565,1.79179528526551,2.25,100,1,affirm,,,TRUE,TRUE,TRUE
968,0.00416319970036965,2.93363765592386,1.98421695158642,2.18193684761337,2.18193684761337,4.19335962444404,2.04320186096474,2.25,100,1,affirm,,,TRUE,TRUE,TRUE
974,0.00595454392492465,2.81096964118259,1.98421695158642,3.10129471872715,3.10129471872715,4.37156109914155,2.41858188086556,2.25,100,1,affirm,,,TRUE,TRUE,TRUE
977,0.0258722156813172,2.26217689772698,1.98421695158642,1.31842503435685,1.31842503435685,3.13311475938889,1.9182247012712,2.25,100,1,affirm,,,TRUE,TRUE,TRUE
980,9.9669729894063e-07,5.21794614151058,1.98421695158642,5.81153832907962,5.81153832907962,7.34840705519441,1.98329458778202,2.25,100,1,affirm,,,TRUE,TRUE,TRUE
983,0.0170957522447442,2.42556297662615,1.98421695158642,3.30260002425097,3.30260002425097,3.89778410847816,2.5823223331449,2.25,100,1,affirm,,,TRUE,TRUE,TRUE
986,0.00365194746401381,2.97767470722819,1.98421695158642,4.16480115655345,4.16480115655345,4.35800169134519,2.14200403670363,2.25,100,1,affirm,,,TRUE,TRUE,TRUE
988,0.0410518311704756,2.07004269605327,1.98421695158642,2.4128808620347,2.4128808620347,3.09443950233076,2.23462877379137,2.25,100,1,affirm,,,TRUE,TRUE,TRUE
992,0.000289041590677076,3.7586144067431,1.98421695158642,2.95731244574986,2.95731244574986,4.9512408492974,1.7352919711125,2.25,100,1,affirm,,,TRUE,TRUE,TRUE
996,0.020012172968314,2.36436737353319,1.98421695158642,3.6835661305006,3.6835661305006,3.19538355281393,1.82648485472839,2.25,100,1,affirm,,,TRUE,TRUE,TRUE
997,0.00565980741640028,2.82859233031257,1.98421695158642,4.70802343248236,4.70802343248236,4.63667856753127,2.68703461421256,2.25,100,1,affirm,,,TRUE,TRUE,TRUE
