meta.name,method,Mhat,Shat,MhatSE,ShatSE,MLo,MHi,SLo,SHi,optim.converged,optimx.Nelder-Mead.Mhat,optimx.BFGS.Mhat,optimx.CG.Mhat,optimx.L-BFGS-B.Mhat,optimx.nlm.Mhat,optimx.nlminb.Mhat,optimx.spg.Mhat,optimx.ucminf.Mhat,optimx.newuoa.Mhat,optimx.bobyqa.Mhat,optimx.nmkb.Mhat,optimx.hjkb.Mhat,optimx.Rcgmin.Mhat,optimx.Rvmmin.Mhat,optimx.Nelder-Mead.Shat,optimx.BFGS.Shat,optimx.CG.Shat,optimx.L-BFGS-B.Shat,optimx.nlm.Shat,optimx.nlminb.Shat,optimx.spg.Shat,optimx.ucminf.Shat,optimx.newuoa.Shat,optimx.bobyqa.Shat,optimx.nmkb.Shat,optimx.hjkb.Shat,optimx.Rcgmin.Shat,optimx.Rvmmin.Shat,optimx.Nelder-Mead.convcode,optimx.BFGS.convcode,optimx.CG.convcode,optimx.L-BFGS-B.convcode,optimx.nlm.convcode,optimx.nlminb.convcode,optimx.spg.convcode,optimx.ucminf.convcode,optimx.newuoa.convcode,optimx.bobyqa.convcode,optimx.nmkb.convcode,optimx.hjkb.convcode,optimx.Rcgmin.convcode,optimx.Rvmmin.convcode,optimx.Nelder-Mead.nll,optimx.BFGS.nll,optimx.CG.nll,optimx.L-BFGS-B.nll,optimx.nlm.nll,optimx.nlminb.nll,optimx.spg.nll,optimx.ucminf.nll,optimx.newuoa.nll,optimx.bobyqa.nll,optimx.nmkb.nll,optimx.hjkb.nll,optimx.Rcgmin.nll,optimx.Rvmmin.nll,optimx.Nelder-Mead.kkt1,optimx.BFGS.kkt1,optimx.CG.kkt1,optimx.L-BFGS-B.kkt1,optimx.nlm.kkt1,optimx.nlminb.kkt1,optimx.spg.kkt1,optimx.ucminf.kkt1,optimx.newuoa.kkt1,optimx.bobyqa.kkt1,optimx.nmkb.kkt1,optimx.hjkb.kkt1,optimx.Rcgmin.kkt1,optimx.Rvmmin.kkt1,optimx.Nelder-Mead.kkt2,optimx.BFGS.kkt2,optimx.CG.kkt2,optimx.L-BFGS-B.kkt2,optimx.nlm.kkt2,optimx.nlminb.kkt2,optimx.spg.kkt2,optimx.ucminf.kkt2,optimx.newuoa.kkt2,optimx.bobyqa.kkt2,optimx.nmkb.kkt2,optimx.hjkb.kkt2,optimx.Rcgmin.kkt2,optimx.Rvmmin.kkt2,optimx.Nconvergers,optimx.convergers,optimx.Mhat.winner,optimx.Pagree.Mhat.winner,optimx.Nagree.of.convergers.Mhat.winner,optimx.Pagree.of.convergers.Mhat.winner,optimx.Mhat.agreers,optimx.Mhat.convergers.agreers,optimx.Shat.winner,optimx.Pagree.Shat.winner,optimx.Nagree.of.convergers.Shat.winner,optimx.Pagree.of.convergers.Shat.winner,optimx.Shat.agreers,optimx.Shat.convergers.agreers,overall.error,k.pub,k.pub.affirm,k.pub.nonaffirm,prob.pub.study.affirm,SAPBE.author.year,SAPBE.meta.study.type,SAPBE.LogEta,SAPBE.Eta,SAPBE.VarLogEta,SAPBE.shapiro.pval,SAPBE.Mhat,SAPBE.Mhat.Lo,SAPBE.Mhat.Hi,SAPBE.Mhat.Pval,SAPBE.Analysis.Scale,SAPBE.Sval.Est,SAPBE.Sval.CI,SAPBE.Sval.Est.Num,SAPBE.Sval.CI.Num,SAPBE.Mhat.Worst,SAPBE.Mhat.Worst.Lo,SAPBE.Mhat.Worst.Hi,SAPBE.Mhat.Worst.Pval,SAPBE.group,SAPBE.group.pretty,SAPBE.discipline,SAPBE.Data.source,SAPBE.k.all,SAPBE.k.rc,SAPBE.k.affirm.rc,SAPBE.k.nonaffirm.rc,SAPBE.meta.med.year,SAPBE.k.year.coded,SAPBE.Pdisaffirm.ratio,SAPBE.PZeroEst,SAPBE.excl.Pdisaffirm.ratio,SAPBE.excl.PZeroEst,SAPBE.excl.shapiro,SAPBE.excl.other
24699695,csm-mle-sd,0.100212824540871,0.118709249308746,0.0223993679555928,0.0124501923566517,0.0563108700714487,0.144114779010294,0.0943073206891127,0.143111177928379,TRUE,0.100216089020113,0.100212824540871,0.100215855755165,0.10021285440868,0.100212005102645,0.100212523215676,,,,,,,0.100212521816265,0.100212521811584,0.118698128742872,0.118709249308746,0.118707055432068,0.118709315661428,0.118704694568225,0.118705169790032,,,,,,,0.118705192203107,0.118705193330986,0,0,0,0,0,0,9999,9999,9999,9999,9999,9999,0,2,-109.648551407601,-109.648551530108,-109.64855156139,-109.648551528348,-109.648551582137,-109.648551583187,8.98846567431158e+307,8.98846567431158e+307,8.98846567431158e+307,8.98846567431158e+307,8.98846567431158e+307,8.98846567431158e+307,-109.648551583188,-109.648551583188,TRUE,TRUE,TRUE,TRUE,TRUE,TRUE,,,,,,,TRUE,TRUE,TRUE,TRUE,TRUE,TRUE,TRUE,TRUE,,,,,,,TRUE,TRUE,7,Nelder-Mead BFGS CG L-BFGS-B nlm nlminb Rcgmin,0.100212521816265,1,7,1,Nelder-Mead BFGS CG L-BFGS-B nlm nlminb Rcgmin Rvmmin,Nelder-Mead BFGS CG L-BFGS-B nlm nlminb Rcgmin,0.118705192203107,1,7,1,Nelder-Mead BFGS CG L-BFGS-B nlm nlminb Rcgmin Rvmmin,Nelder-Mead BFGS CG L-BFGS-B nlm nlminb Rcgmin,,96,40,56,0.416666666666667,Van Yperen 2014,Unclear,0.0946950243514455,1.09932353708809,0.117914581136805,0.0201641206017874,0.105579961081627,0.0777704101576822,0.133389512005571,3.46815909324505e-11,z,Not possible,14.2457417602629,Inf,14.2457417602629,0.0188271901076217,-0.0107322101677014,0.0483865903829449,0.206670465879248,plos,PLOS One,soc,public,96,95,40,55,,0,4.17857142857143,0.0208333333333333,TRUE,FALSE,TRUE,FALSE
24699695,ltn-mle-sd,0.0989311083046528,0.110616043339974,0.09906883476838,0.0470294246531005,-0.0952402398317214,0.293102456441027,0.0184400648062573,0.202792021873692,TRUE,0.099032263648032,0.0989311083046528,-0.133040863076407,0.0989317226518379,0.0990231405977057,0.0990194570696043,,,,,,,0.0990189339773713,0.0990189396540345,0.110566622164706,0.110616043339974,0.188561526407417,0.110617404988822,0.11057136291844,0.110573494062335,,,,,,,0.110573738103541,0.110573736157411,0,0,1,0,0,0,9999,9999,9999,9999,9999,9999,0,3,-55.3930503118511,-55.3930499109646,-54.9141412272096,-55.3930498915694,-55.3930503221584,-55.3930503235194,8.98846567431158e+307,8.98846567431158e+307,8.98846567431158e+307,8.98846567431158e+307,8.98846567431158e+307,8.98846567431158e+307,-55.3930503235324,-55.3930503235324,TRUE,TRUE,FALSE,TRUE,TRUE,TRUE,,,,,,,TRUE,TRUE,TRUE,TRUE,FALSE,TRUE,TRUE,TRUE,,,,,,,TRUE,TRUE,6,Nelder-Mead BFGS L-BFGS-B nlm nlminb Rcgmin,0.0990189339773713,0.875,6,1,Nelder-Mead BFGS L-BFGS-B nlm nlminb Rcgmin Rvmmin,Nelder-Mead BFGS L-BFGS-B nlm nlminb Rcgmin,0.110573738103541,0.875,6,1,Nelder-Mead BFGS L-BFGS-B nlm nlminb Rcgmin Rvmmin,Nelder-Mead BFGS L-BFGS-B nlm nlminb Rcgmin,,96,40,56,0.416666666666667,Van Yperen 2014,Unclear,0.0946950243514455,1.09932353708809,0.117914581136805,0.0201641206017874,0.105579961081627,0.0777704101576822,0.133389512005571,3.46815909324505e-11,z,Not possible,14.2457417602629,Inf,14.2457417602629,0.0188271901076217,-0.0107322101677014,0.0483865903829449,0.206670465879248,plos,PLOS One,soc,public,96,95,40,55,,0,4.17857142857143,0.0208333333333333,TRUE,FALSE,TRUE,FALSE
24959902,csm-mle-sd,0.489420116772182,0.608628110122858,0.222470758710163,0.151229259246097,0.0533854420869621,0.925454791457401,0.312224208591837,0.905032011653878,TRUE,0.489350909298719,0.489420116772182,0.489418685073204,0.489418890808742,0.489419450993789,0.489419155093083,,,,,,,0.489419113300454,-1.98225349479798e-16,0.608625915962693,0.608628110122858,0.608626972493452,0.608627526809679,0.60862730928662,0.608627095708841,,,,,,,0.608627087500736,0.49832089918008,0,0,0,0,0,0,9999,9999,9999,9999,9999,9999,0,0,42.6125413850317,42.6125413098059,42.6125413097852,42.6125413097938,42.6125413097846,42.6125413097833,8.98846567431158e+307,8.98846567431158e+307,8.98846567431158e+307,8.98846567431158e+307,8.98846567431158e+307,8.98846567431158e+307,42.6125413097833,46.6246896587793,TRUE,TRUE,TRUE,TRUE,TRUE,TRUE,,,,,,,TRUE,FALSE,TRUE,TRUE,TRUE,TRUE,TRUE,TRUE,,,,,,,TRUE,TRUE,7,Nelder-Mead BFGS CG L-BFGS-B nlm nlminb Rcgmin,0.489419113300454,0.875,7,1,Nelder-Mead BFGS CG L-BFGS-B nlm nlminb Rcgmin,Nelder-Mead BFGS CG L-BFGS-B nlm nlminb Rcgmin,0.608627087500736,0.875,7,1,Nelder-Mead BFGS CG L-BFGS-B nlm nlminb Rcgmin,Nelder-Mead BFGS CG L-BFGS-B nlm nlminb Rcgmin,,51,7,44,0.137254901960784,Fan 2014,All observational,-0.501080937340384,0.605875392289778,0.525712329610609,0.577687362351253,0.328105637033332,0.0969910732665826,0.559220200800081,0.0065207915073604,log-ratio,Not possible,3.1030901647209,Inf,3.1030901647209,0.10098838260756,-0.104465937682082,0.306442702897201,0.323753554270243,plos,PLOS One,med,scraped,51,50,7,43,2012,51,2.65909090909091,0,FALSE,FALSE,FALSE,FALSE
24959902,ltn-mle-sd,1.09562274867944,5.59540144327208e-06,0.270603932662328,4.31583728873744e-08,0.565248786586373,1.6259967107725,5.51081258678147e-06,5.67999029976268e-06,TRUE,1.09365286679967,1.09562274867944,1.0929679555695,1.09370045618996,1.09368199577674,1.09367294426997,,,,,,,1.09367282662437,1.09367281328106,3.86036029476018e-06,5.59540144327208e-06,7.41297617943399e-06,3.34314238999013e-05,5.28063075693675e-06,1.1207558536089e-06,,,,,,,1.42014080215676e-08,6.86182532139325e-06,0,0,0,52,0,0,9999,9999,9999,9999,9999,9999,0,0,0.215924877618877,0.215950795209675,0.21592825825597,0.21592488583505,0.215924875550866,0.215924874838414,8.98846567431158e+307,8.98846567431158e+307,8.98846567431158e+307,8.98846567431158e+307,8.98846567431158e+307,8.98846567431158e+307,0.215924874831783,0.215924875076,FALSE,FALSE,FALSE,TRUE,FALSE,FALSE,,,,,,,FALSE,FALSE,FALSE,FALSE,FALSE,TRUE,FALSE,FALSE,,,,,,,FALSE,FALSE,0,"",,,0,,NA NA NA NA NA NA NA NA,"",,,0,,NA NA NA NA NA NA NA NA,"",,51,7,44,0.137254901960784,Fan 2014,All observational,-0.501080937340384,0.605875392289778,0.525712329610609,0.577687362351253,0.328105637033332,0.0969910732665826,0.559220200800081,0.0065207915073604,log-ratio,Not possible,3.1030901647209,Inf,3.1030901647209,0.10098838260756,-0.104465937682082,0.306442702897201,0.323753554270243,plos,PLOS One,med,scraped,51,50,7,43,2012,51,2.65909090909091,0,FALSE,FALSE,FALSE,FALSE
24988220,csm-mle-sd,0.160613016663378,0.252737942727397,0.0798903468400427,0.0601200413170237,0.0040308141444812,0.317195219182275,0.13490482699697,0.370571058457823,TRUE,0.160640773363791,0.160613016663378,0.160614176548698,0.160613609134261,0.160612037071415,0.160612098351106,,,,,,,0.160612012968206,0.160612011248206,0.25274018322284,0.252737942727397,0.252738463110645,0.252738886827002,0.252737027882129,0.252737033655704,,,,,,,0.252737007151133,0.252737008461467,0,0,0,0,0,0,9999,9999,9999,9999,9999,9999,1,2,-3.31096997271912,-3.31097005318406,-3.31097005288878,-3.31097005282296,-3.31097005331591,-3.31097005331536,8.98846567431158e+307,8.98846567431158e+307,8.98846567431158e+307,8.98846567431158e+307,8.98846567431158e+307,8.98846567431158e+307,-3.31097005331598,-3.31097005331597,FALSE,TRUE,TRUE,TRUE,TRUE,TRUE,,,,,,,TRUE,TRUE,TRUE,TRUE,TRUE,TRUE,TRUE,TRUE,,,,,,,TRUE,TRUE,5,BFGS CG L-BFGS-B nlm nlminb,0.160612037071415,1,5,1,Nelder-Mead BFGS CG L-BFGS-B nlm nlminb Rcgmin Rvmmin,BFGS CG L-BFGS-B nlm nlminb,0.252737027882129,1,5,1,Nelder-Mead BFGS CG L-BFGS-B nlm nlminb Rcgmin Rvmmin,BFGS CG L-BFGS-B nlm nlminb,,55,9,46,0.163636363636364,Floyd 2014,All observational,-0.409708185998261,0.663843940831021,0.401781842100232,0.000543691506161675,0.127872581917581,0.0293447103712987,0.226400453463864,0.0121439561144352,log-ratio,Not possible,2.2730645281481,Inf,2.2730645281481,-0.00387718157711079,-0.0568857860173411,0.0491314228631195,0.880107217164884,plos,PLOS One,med,scraped,55,51,9,42,2002,55,0,0,FALSE,FALSE,TRUE,FALSE
24988220,ltn-mle-sd,-12.476179962829,1.93183671856364,0.334016121840829,0.242405363809796,-13.1308395318928,-11.8215203937653,1.45673093583711,2.40694250129017,TRUE,-18.5809577941895,-12.476179962829,-1.88028080484465,-15.6816405785493,-14.2450249680549,-10.1672593064898,,,,,,,-11.9492626839432,-8.11972260407208,2.37915954589841,1.93183671856364,0.87507673153658,2.23615638403044,2.10717469929128,1.7396596268053,,,,,,,1.89519109995859,1.58190311833319,10,0,1,0,0,1,9999,9999,9999,9999,9999,9999,0,3,-2.61165769204048,-2.39169068961994,-2.14053903480259,-2.38005589218107,-2.38966249815245,-2.37648906995152,8.98846567431158e+307,8.98846567431158e+307,8.98846567431158e+307,8.98846567431158e+307,8.98846567431158e+307,8.98846567431158e+307,-2.38906125134362,-2.3604760225957,FALSE,FALSE,FALSE,FALSE,FALSE,FALSE,,,,,,,FALSE,FALSE,FALSE,TRUE,TRUE,FALSE,FALSE,TRUE,,,,,,,TRUE,TRUE,0,"",,,0,,NA NA NA NA NA NA NA NA,"",,,0,,NA NA NA NA NA NA NA NA,"",,55,9,46,0.163636363636364,Floyd 2014,All observational,-0.409708185998261,0.663843940831021,0.401781842100232,0.000543691506161675,0.127872581917581,0.0293447103712987,0.226400453463864,0.0121439561144352,log-ratio,Not possible,2.2730645281481,Inf,2.2730645281481,-0.00387718157711079,-0.0568857860173411,0.0491314228631195,0.880107217164884,plos,PLOS One,med,scraped,55,51,9,42,2002,55,0,0,FALSE,FALSE,TRUE,FALSE
25019505,csm-mle-sd,0.499522514702698,0.588047930820141,0.149405029241568,0.0712289102852887,0.20669403828007,0.792350991125325,0.448441832002941,0.727654029637341,TRUE,0.499404253644752,0.499522514702698,0.499523530312374,0.499524661094664,0.499522959655473,0.499523114223982,,,,,,,0.499523092727918,0.499523097613437,0.588011615921277,0.588047930820141,0.58804754565348,0.588048404847474,0.588046857321945,0.588047307205855,,,,,,,0.588047307907836,0.588047308353599,0,0,0,0,0,0,9999,9999,9999,9999,9999,9999,0,0,30.5126943602297,30.5126937947335,30.5126937947064,30.5126937949169,30.5126937947167,30.5126937946937,8.98846567431158e+307,8.98846567431158e+307,8.98846567431158e+307,8.98846567431158e+307,8.98846567431158e+307,8.98846567431158e+307,30.5126937946936,30.5126937946936,TRUE,TRUE,TRUE,TRUE,TRUE,TRUE,,,,,,,TRUE,TRUE,TRUE,TRUE,TRUE,TRUE,TRUE,TRUE,,,,,,,TRUE,TRUE,8,Nelder-Mead BFGS CG L-BFGS-B nlm nlminb Rcgmin Rvmmin,0.499523092727918,1,8,1,Nelder-Mead BFGS CG L-BFGS-B nlm nlminb Rcgmin Rvmmin,Nelder-Mead BFGS CG L-BFGS-B nlm nlminb Rcgmin Rvmmin,0.588047307907836,1,8,1,Nelder-Mead BFGS CG L-BFGS-B nlm nlminb Rcgmin Rvmmin,Nelder-Mead BFGS CG L-BFGS-B nlm nlminb Rcgmin Rvmmin,,63,34,29,0.53968253968254,Zhou 2014,All observational,0.750729277764761,2.11854446074872,0.211087293069866,0.251748948851341,0.699722648876498,0.50553338053702,0.893911917215975,2.21032148139955e-09,log-ratio,Not possible,33.4742852669773,Inf,33.4742852669773,0.140168340483647,-0.0542204641993102,0.334557145166605,0.14265603205501,plos,PLOS One,med,scraped,63,54,28,26,2012,63,1.3448275862069,0,FALSE,FALSE,FALSE,FALSE
25019505,ltn-mle-sd,-19.9645813568445,2.97398227127649,0.121757001486256,0.0981222832622264,-20.2032206946232,-19.7259420190659,2.78166613000169,3.16629841255129,TRUE,-26.9032065964126,-19.9645813568445,-3.4263620561018,-20.4948922668726,-22.0113058905095,-15.6310883751125,,,,,,,-26.3222802993581,-10.9839274137372,3.37393791164673,2.97398227127649,1.39451438836031,3.01569921448799,3.11976994307262,2.65587544283633,,,,,,,3.45275450941591,2.25602268230685,1,0,1,52,0,1,9999,9999,9999,9999,9999,9999,0,0,2.14567510893141,4.3728838038077,4.70155871136347,4.37127687061234,4.36606204207948,4.39113557391703,8.98846567431158e+307,8.98846567431158e+307,8.98846567431158e+307,8.98846567431158e+307,8.98846567431158e+307,8.98846567431158e+307,4.14228979680524,4.42736267930634,FALSE,FALSE,FALSE,FALSE,FALSE,FALSE,,,,,,,FALSE,FALSE,TRUE,FALSE,TRUE,FALSE,FALSE,TRUE,,,,,,,FALSE,TRUE,0,"",,,0,,NA NA NA NA NA NA NA NA,"",,,0,,NA NA NA NA NA NA NA NA,"",,63,34,29,0.53968253968254,Zhou 2014,All observational,0.750729277764761,2.11854446074872,0.211087293069866,0.251748948851341,0.699722648876498,0.50553338053702,0.893911917215975,2.21032148139955e-09,log-ratio,Not possible,33.4742852669773,Inf,33.4742852669773,0.140168340483647,-0.0542204641993102,0.334557145166605,0.14265603205501,plos,PLOS One,med,scraped,63,54,28,26,2012,63,1.3448275862069,0,FALSE,FALSE,FALSE,FALSE
25111792,csm-mle-sd,0.122923830977827,0.299484212705229,0.110550766441075,0.102317950917232,-0.0937516897099792,0.339599351665632,0.0989447139355179,0.50002371147494,TRUE,0.12289917700802,0.122923830977827,0.12293076615507,0.122931525456693,0.122930603516312,0.122930598284922,,,,,,,0.122930601048833,0.122930580555175,0.299451159681855,0.299484212705229,0.299475067927541,0.299476189218504,0.299474982471499,0.299474972226446,,,,,,,0.299474976167018,0.299474967089731,0,0,0,0,0,0,9999,9999,9999,9999,9999,9999,0,0,12.4108242821723,12.4108242535729,12.4108242388885,12.4108242389594,12.4108242388873,12.4108242388873,8.98846567431158e+307,8.98846567431158e+307,8.98846567431158e+307,8.98846567431158e+307,8.98846567431158e+307,8.98846567431158e+307,12.4108242388873,12.4108242388873,TRUE,TRUE,TRUE,TRUE,TRUE,TRUE,,,,,,,TRUE,TRUE,TRUE,TRUE,TRUE,TRUE,TRUE,TRUE,,,,,,,TRUE,TRUE,8,Nelder-Mead BFGS CG L-BFGS-B nlm nlminb Rcgmin Rvmmin,0.122930601048833,1,8,1,Nelder-Mead BFGS CG L-BFGS-B nlm nlminb Rcgmin Rvmmin,Nelder-Mead BFGS CG L-BFGS-B nlm nlminb Rcgmin Rvmmin,0.299474976167018,1,8,1,Nelder-Mead BFGS CG L-BFGS-B nlm nlminb Rcgmin Rvmmin,Nelder-Mead BFGS CG L-BFGS-B nlm nlminb Rcgmin Rvmmin,,42,4,38,0.0952380952380952,Liang 2014,All observational,-0.426278769130069,0.652934298821354,0.798373289125454,0.996016526370255,0.0893478426681553,-0.0449089955125615,0.223604680848872,0.18560164786297,log.or,Not possible,1.00006610529211,Inf,1.00006610529211,-0.00567419276300079,-0.117120627128521,0.105772241602519,0.917645201831164,plos,PLOS One,med,scraped,42,42,4,38,,0,1.02631578947368,0,FALSE,FALSE,FALSE,FALSE
25111792,ltn-mle-sd,0.549686427861004,1.68955872961078e-05,0.242218180874593,4.31583728715101e-08,0.0749475169459937,1.02442533877601,1.68109984396483e-05,1.69801761525674e-05,TRUE,0.549573687564012,0.549686427861004,1.13567724605148e+26,0.549494189614977,0.54958313468706,0.549586511140783,,,,,,,0.549586456344555,0.549586457479203,4.22517054215452e-06,1.68955872961078e-05,-1.2615198943034e+26,0.0006254641514208,8.12497851870743e-06,2.65300690336427e-06,,,,,,,1.14735372045489e-05,5.33212869299183e-06,0,0,0,52,0,0,9999,9999,9999,9999,9999,9999,0,2,-1.36277285405455,-1.36277277006589,2147483647,-1.36277245902441,-1.36277285531033,-1.36277285545364,8.98846567431158e+307,8.98846567431158e+307,8.98846567431158e+307,8.98846567431158e+307,8.98846567431158e+307,8.98846567431158e+307,-1.36277285534996,-1.36277285543586,FALSE,FALSE,TRUE,TRUE,FALSE,FALSE,,,,,,,FALSE,FALSE,FALSE,FALSE,,TRUE,FALSE,FALSE,,,,,,,FALSE,FALSE,1,NA,,,,,NA NA NA NA NA NA NA NA,NA,,,,,NA NA NA NA NA NA NA NA,NA,,42,4,38,0.0952380952380952,Liang 2014,All observational,-0.426278769130069,0.652934298821354,0.798373289125454,0.996016526370255,0.0893478426681553,-0.0449089955125615,0.223604680848872,0.18560164786297,log.or,Not possible,1.00006610529211,Inf,1.00006610529211,-0.00567419276300079,-0.117120627128521,0.105772241602519,0.917645201831164,plos,PLOS One,med,scraped,42,42,4,38,,0,1.02631578947368,0,FALSE,FALSE,FALSE,FALSE
25225888,csm-mle-sd,0.203945533263614,0.316771629983184,0.095409464133655,0.0561031747820844,0.016946419777384,0.390944646749844,0.206811427991942,0.426731831974425,TRUE,0.203967222368317,0.203945533263614,0.203944788473644,0.203945975719335,0.20394217132965,0.203943592193263,,,,,,,0.203943585582088,0.203943590307814,0.316767789526848,0.316771629983184,0.316770444629266,0.316772277631412,0.316769045230494,0.316770008667673,,,,,,,0.316770009318184,0.316770008324468,0,0,0,0,0,0,9999,9999,9999,9999,9999,9999,1,3,-4.74902488157847,-4.74902493471721,-4.74902493506832,-4.74902493432589,-4.74902493498,-4.74902493514781,8.98846567431158e+307,8.98846567431158e+307,8.98846567431158e+307,8.98846567431158e+307,8.98846567431158e+307,8.98846567431158e+307,-4.74902493514781,-4.74902493514781,TRUE,TRUE,TRUE,TRUE,TRUE,TRUE,,,,,,,TRUE,TRUE,TRUE,TRUE,TRUE,TRUE,TRUE,TRUE,,,,,,,TRUE,TRUE,6,Nelder-Mead BFGS CG L-BFGS-B nlm nlminb,0.203943592193263,1,6,1,Nelder-Mead BFGS CG L-BFGS-B nlm nlminb Rcgmin Rvmmin,Nelder-Mead BFGS CG L-BFGS-B nlm nlminb,0.316770008667673,1,6,1,Nelder-Mead BFGS CG L-BFGS-B nlm nlminb Rcgmin Rvmmin,Nelder-Mead BFGS CG L-BFGS-B nlm nlminb,,53,9,44,0.169811320754717,Xiao 2014,All observational,-0.818212393207019,0.441219677250998,0.374526239068076,0.603106822490478,0.109569360092275,0.00618020568442704,0.212958514500122,0.038288865448429,log-ratio,27.0932242142897,1.11487519943768,27.0932242142897,1.11487519943768,-0.0101802826792303,-0.0829770840081928,0.0626165186497322,0.777336952677323,plos,PLOS One,med,scraped,53,48,9,39,2005,53,4.43181818181818,0.0188679245283019,TRUE,FALSE,FALSE,FALSE
25225888,ltn-mle-sd,-3.9841913647534,1.08154263311529,31.172370317857,3.58777748954484,-65.0809145004985,57.1125317709917,-5.95037203093612,8.1134572971667,FALSE,-6.03190808968869,-3.9841913647534,-0.641698591821155,-6.03825027610152,-6.02247932044788,-5.8726077992903,,,,,,,-5.51657612721569,-4.48117555919102,1.29470517451628,1.08154263311529,0.58022761621086,1.29532145528746,1.29381194908743,1.27936369404043,,,,,,,1.24444345088839,1.13646895282921,0,1,1,0,0,0,9999,9999,9999,9999,9999,9999,1,3,-3.56102138011729,-3.56045192736299,-3.52950501721611,-3.56102137543621,-3.56102137807936,-3.5610195988654,8.98846567431158e+307,8.98846567431158e+307,8.98846567431158e+307,8.98846567431158e+307,8.98846567431158e+307,8.98846567431158e+307,-3.56100016702581,-3.56075216032728,TRUE,FALSE,FALSE,TRUE,TRUE,TRUE,,,,,,,TRUE,TRUE,TRUE,TRUE,TRUE,TRUE,TRUE,TRUE,,,,,,,TRUE,TRUE,4,Nelder-Mead L-BFGS-B nlm nlminb,-6.03190808968869,0.375,3,0.75,Nelder-Mead L-BFGS-B nlm,Nelder-Mead L-BFGS-B nlm,1.29470517451628,0.375,3,0.75,Nelder-Mead L-BFGS-B nlm,Nelder-Mead L-BFGS-B nlm,,53,9,44,0.169811320754717,Xiao 2014,All observational,-0.818212393207019,0.441219677250998,0.374526239068076,0.603106822490478,0.109569360092275,0.00618020568442704,0.212958514500122,0.038288865448429,log-ratio,27.0932242142897,1.11487519943768,27.0932242142897,1.11487519943768,-0.0101802826792303,-0.0829770840081928,0.0626165186497322,0.777336952677323,plos,PLOS One,med,scraped,53,48,9,39,2005,53,4.43181818181818,0.0188679245283019,TRUE,FALSE,FALSE,FALSE
25409023,csm-mle-sd,0.373793926588192,0.285123361186586,0.0827514503542991,0.0424237284888314,0.211604064225312,0.535983788951072,0.20197438125857,0.368272341114601,TRUE,0.373751627123001,0.373793926588192,0.373791085283167,0.373792452785805,0.373791579997688,0.373791557192055,,,,,,,0.373791561209701,0.373791562077076,0.285116246364695,0.285123361186586,0.285124070540417,0.285123861903912,0.285122670248173,0.285122643278112,,,,,,,0.285122641085909,0.285122642100102,0,0,0,0,0,0,9999,9999,9999,9999,9999,9999,0,3,-18.0187497098032,-18.0187498289095,-18.0187498284781,-18.0187498289105,-18.0187498293273,-18.0187498293275,8.98846567431158e+307,8.98846567431158e+307,8.98846567431158e+307,8.98846567431158e+307,8.98846567431158e+307,8.98846567431158e+307,-18.0187498293275,-18.0187498293275,TRUE,TRUE,TRUE,TRUE,TRUE,TRUE,,,,,,,TRUE,TRUE,TRUE,TRUE,TRUE,TRUE,TRUE,TRUE,,,,,,,TRUE,TRUE,7,Nelder-Mead BFGS CG L-BFGS-B nlm nlminb Rcgmin,0.373791557192055,1,7,1,Nelder-Mead BFGS CG L-BFGS-B nlm nlminb Rcgmin Rvmmin,Nelder-Mead BFGS CG L-BFGS-B nlm nlminb Rcgmin,0.285122643278112,1,7,1,Nelder-Mead BFGS CG L-BFGS-B nlm nlminb Rcgmin Rvmmin,Nelder-Mead BFGS CG L-BFGS-B nlm nlminb Rcgmin,,60,19,41,0.316666666666667,Rai 2014,All observational,-0.764691019322337,0.46547773238243,0.242167859139834,0.00165191509066732,0.25867001258126,0.166329242829226,0.351010782333295,8.24875729499297e-07,log-ratio,Not possible,Not possible,Inf,Inf,0.0476841045192257,-0.0278728669901561,0.123241076028607,0.204112389909322,plos,PLOS One,med,scraped,60,54,18,36,2008,60,0.951219512195122,0,FALSE,FALSE,TRUE,FALSE
25409023,ltn-mle-sd,-10.773685197354,1.84842164387845,,,,,,,FALSE,-15.8766197986465,-10.773685197354,-1.68070098116104,-13.5726927725462,-13.7666825993757,-12.0176189646161,,,,,,,-8.77234055956741,-7.72434465591747,2.23124797566072,1.84842164387845,0.850022136145036,2.05729482653517,2.07205844024115,1.94374289382235,,,,,,,1.67879837570293,1.5820775751273,0,1,1,52,0,1,9999,9999,9999,9999,9999,9999,1,3,-4.17012774743618,-4.16163489713829,-3.99631918534139,-4.16705706317696,-4.16731587969645,-4.16439601139163,8.98846567431158e+307,8.98846567431158e+307,8.98846567431158e+307,8.98846567431158e+307,8.98846567431158e+307,8.98846567431158e+307,-4.15544436582785,-4.1506758427436,FALSE,FALSE,FALSE,FALSE,FALSE,FALSE,,,,,,,TRUE,FALSE,FALSE,TRUE,TRUE,TRUE,FALSE,TRUE,,,,,,,TRUE,TRUE,0,"",,,0,,NA NA NA NA NA NA NA NA,"",,,0,,NA NA NA NA NA NA NA NA,"",,60,19,41,0.316666666666667,Rai 2014,All observational,-0.764691019322337,0.46547773238243,0.242167859139834,0.00165191509066732,0.25867001258126,0.166329242829226,0.351010782333295,8.24875729499297e-07,log-ratio,Not possible,Not possible,Inf,Inf,0.0476841045192257,-0.0278728669901561,0.123241076028607,0.204112389909322,plos,PLOS One,med,scraped,60,54,18,36,2008,60,0.951219512195122,0,FALSE,FALSE,TRUE,FALSE
26305785,csm-mle-sd,0.381374681496601,0.181681900159439,0.0338289107597451,0.0248600682393364,0.315071234771282,0.447678128221921,0.132957061757131,0.230406738561746,TRUE,0.381344287965807,0.381374681496601,0.381381043593077,0.381376517661058,0.381379215669198,0.381379509147325,,,,,,,0.381379510309976,0.381379507549814,0.181708520435045,0.181681900159439,0.181688865161396,0.181690806464586,0.181685238264132,0.181685660833799,,,,,,,0.181685661074599,0.181685661104655,0,0,0,0,0,0,9999,9999,9999,9999,9999,9999,1,0,-23.4192996799874,-23.419300358833,-23.4193003794279,-23.4193003710245,-23.419300392281,-23.4193003925508,8.98846567431158e+307,8.98846567431158e+307,8.98846567431158e+307,8.98846567431158e+307,8.98846567431158e+307,8.98846567431158e+307,-23.4193003925508,-23.4193003925508,FALSE,TRUE,TRUE,TRUE,TRUE,TRUE,,,,,,,TRUE,TRUE,TRUE,TRUE,TRUE,TRUE,TRUE,TRUE,,,,,,,TRUE,TRUE,6,BFGS CG L-BFGS-B nlm nlminb Rvmmin,0.381379509147325,1,6,1,Nelder-Mead BFGS CG L-BFGS-B nlm nlminb Rcgmin Rvmmin,BFGS CG L-BFGS-B nlm nlminb Rvmmin,0.181685660833799,1,6,1,Nelder-Mead BFGS CG L-BFGS-B nlm nlminb Rcgmin Rvmmin,BFGS CG L-BFGS-B nlm nlminb Rvmmin,,48,45,3,0.9375,Verkuil 2015,All observational,0.613941673493594,1.84770009444449,0.894772014992152,0.452614268465712,0.392550923650213,0.333559958104748,0.451541889195677,2.22044604925031e-16,z,Not possible,> 200,Inf,200,0.0936729843507216,-0.066588827110788,0.253934795812231,0.0852070953081925,plos,PLOS One,soc,public,48,41,39,2,,0,0,0,FALSE,FALSE,FALSE,FALSE
26305785,ltn-mle-sd,0.37203426494038,0.191831454757622,0.0390940929962855,0.029870957655869,0.295411250659401,0.448657279221359,0.133285453568398,0.250377455946846,TRUE,0.372020152795199,0.37203426494038,0.372039461729644,0.372033530001582,0.372037873581967,0.372037942397608,,,,,,,0.372037916621714,0.372037914949166,0.191827480798554,0.191831454757622,0.191827316730208,0.191831845158609,0.191825996567848,0.191825953072796,,,,,,,0.191825937086203,0.191825938764253,0,0,0,0,0,0,9999,9999,9999,9999,9999,9999,1,3,-18.2535234826629,-18.2535235876682,-18.2535236011416,-18.2535235850113,-18.2535236047232,-18.2535236047244,8.98846567431158e+307,8.98846567431158e+307,8.98846567431158e+307,8.98846567431158e+307,8.98846567431158e+307,8.98846567431158e+307,-18.2535236047251,-18.2535236047251,TRUE,TRUE,TRUE,TRUE,TRUE,TRUE,,,,,,,TRUE,TRUE,TRUE,TRUE,TRUE,TRUE,TRUE,TRUE,,,,,,,TRUE,TRUE,6,Nelder-Mead BFGS CG L-BFGS-B nlm nlminb,0.372037942397608,1,6,1,Nelder-Mead BFGS CG L-BFGS-B nlm nlminb Rcgmin Rvmmin,Nelder-Mead BFGS CG L-BFGS-B nlm nlminb,0.191825953072796,1,6,1,Nelder-Mead BFGS CG L-BFGS-B nlm nlminb Rcgmin Rvmmin,Nelder-Mead BFGS CG L-BFGS-B nlm nlminb,,48,45,3,0.9375,Verkuil 2015,All observational,0.613941673493594,1.84770009444449,0.894772014992152,0.452614268465712,0.392550923650213,0.333559958104748,0.451541889195677,2.22044604925031e-16,z,Not possible,> 200,Inf,200,0.0936729843507216,-0.066588827110788,0.253934795812231,0.0852070953081925,plos,PLOS One,soc,public,48,41,39,2,,0,0,0,FALSE,FALSE,FALSE,FALSE
26398658,csm-mle-sd,0.204064991849234,0.123246404834945,0.0174706479228103,0.010974242130974,0.169823151133946,0.238306832564522,0.101737285500614,0.144755524169276,TRUE,0.204087659245482,0.204064991849234,0.204062671673634,0.204064595812328,0.204070237194266,0.204070316585233,,,,,,,0.204070307518978,0.204070309141164,0.123235192528686,0.123246404834945,0.123247664601925,0.12325058819667,0.123244314880812,0.12324425645511,,,,,,,0.123244260486811,0.123244258677785,0,0,0,0,0,0,9999,9999,9999,9999,9999,9999,0,3,-181.72782201706,-181.727822529672,-181.72782247661,-181.727822410186,-181.727822576934,-181.727822576948,8.98846567431158e+307,8.98846567431158e+307,8.98846567431158e+307,8.98846567431158e+307,8.98846567431158e+307,8.98846567431158e+307,-181.727822576948,-181.727822576948,TRUE,TRUE,TRUE,TRUE,TRUE,TRUE,,,,,,,TRUE,TRUE,TRUE,TRUE,TRUE,TRUE,TRUE,TRUE,,,,,,,TRUE,TRUE,7,Nelder-Mead BFGS CG L-BFGS-B nlm nlminb Rcgmin,0.204070307518978,1,7,1,Nelder-Mead BFGS CG L-BFGS-B nlm nlminb Rcgmin Rvmmin,Nelder-Mead BFGS CG L-BFGS-B nlm nlminb Rcgmin,0.123244260486811,1,7,1,Nelder-Mead BFGS CG L-BFGS-B nlm nlminb Rcgmin Rvmmin,Nelder-Mead BFGS CG L-BFGS-B nlm nlminb Rcgmin,,173,143,30,0.826589595375723,Paradies 2015,All observational,0.742453066004488,2.1010832939926,0.0906254606990214,0.237877320855118,0.233996901219615,0.214698488263934,0.253295314175296,0,z,Not possible,Not possible,Inf,Inf,0.0670010830454651,0.0459786161560844,0.0880235499348458,3.40326401238045e-06,plos,PLOS One,soc,author.contact,173,173,143,30,,0,0,0,FALSE,FALSE,FALSE,FALSE
26398658,ltn-mle-sd,0.154858426432811,0.153315177186605,0.0449460552567385,0.0238283534100672,0.0667657768824563,0.242951075983165,0.106612462691981,0.200017891681229,TRUE,0.154899210649477,0.154858426432811,0.152228115925891,0.154856606249602,0.154891123088703,0.154889628900003,,,,,,,0.154889638396198,0.154889649119957,0.153296747816976,0.153315177186605,0.154872908790258,0.153316282397284,0.153295490611029,0.153296687623235,,,,,,,0.153296682713932,0.153296678899999,0,0,1,0,0,0,9999,9999,9999,9999,9999,9999,0,2,-139.754733483412,-139.754733285994,-139.754065883249,-139.754733248939,-139.75473358592,-139.754733587449,8.98846567431158e+307,8.98846567431158e+307,8.98846567431158e+307,8.98846567431158e+307,8.98846567431158e+307,8.98846567431158e+307,-139.754733587449,-139.754733587449,TRUE,TRUE,FALSE,TRUE,TRUE,TRUE,,,,,,,TRUE,TRUE,TRUE,TRUE,TRUE,TRUE,TRUE,TRUE,,,,,,,TRUE,TRUE,6,Nelder-Mead BFGS L-BFGS-B nlm nlminb Rcgmin,0.154889638396198,1,6,1,Nelder-Mead BFGS CG L-BFGS-B nlm nlminb Rcgmin Rvmmin,Nelder-Mead BFGS L-BFGS-B nlm nlminb Rcgmin,0.153296682713932,1,6,1,Nelder-Mead BFGS CG L-BFGS-B nlm nlminb Rcgmin Rvmmin,Nelder-Mead BFGS L-BFGS-B nlm nlminb Rcgmin,,173,143,30,0.826589595375723,Paradies 2015,All observational,0.742453066004488,2.1010832939926,0.0906254606990214,0.237877320855118,0.233996901219615,0.214698488263934,0.253295314175296,0,z,Not possible,Not possible,Inf,Inf,0.0670010830454651,0.0459786161560844,0.0880235499348458,3.40326401238045e-06,plos,PLOS One,soc,author.contact,173,173,143,30,,0,0,0,FALSE,FALSE,FALSE,FALSE
27870889,csm-mle-sd,1.38313351646521,1.25886998598576,0.525945992409294,0.266124051278381,0.352298313529815,2.4139687194006,0.737276430060239,1.78046354191127,TRUE,1.38342769908777,1.38313351646521,1.38313118374874,1.38314786911105,1.3831284723572,1.38313059396116,,,,,,,1.38313018341255,1.38313030563924,1.25887897337962,1.25886998598576,1.25886836550862,1.25886997549546,1.25886668692169,1.25886763036699,,,,,,,1.25886776410316,1.25886781079844,0,0,0,0,0,0,9999,9999,9999,9999,9999,9999,0,2,35.6290562023332,35.6290560038782,35.6290560038441,35.6290560044509,35.6290560038513,35.6290560038423,8.98846567431158e+307,8.98846567431158e+307,8.98846567431158e+307,8.98846567431158e+307,8.98846567431158e+307,8.98846567431158e+307,35.6290560038415,35.6290560038415,TRUE,TRUE,TRUE,TRUE,TRUE,TRUE,,,,,,,TRUE,TRUE,TRUE,TRUE,TRUE,TRUE,TRUE,TRUE,,,,,,,TRUE,TRUE,7,Nelder-Mead BFGS CG L-BFGS-B nlm nlminb Rcgmin,1.38313018341255,1,7,1,Nelder-Mead BFGS CG L-BFGS-B nlm nlminb Rcgmin Rvmmin,Nelder-Mead BFGS CG L-BFGS-B nlm nlminb Rcgmin,1.25886776410316,1,7,1,Nelder-Mead BFGS CG L-BFGS-B nlm nlminb Rcgmin Rvmmin,Nelder-Mead BFGS CG L-BFGS-B nlm nlminb Rcgmin,,31,10,21,0.32258064516129,Rytwinski 2016,Unclear,-0.488716814384887,0.613413012141361,0.472127779092704,0.374174926338506,0.97960445451632,0.414830548979084,1.54437836005356,0.00137355080143031,smd,Not possible,7.63143237503898,Inf,7.63143237503898,0.155515057472106,-0.243702340231187,0.554732455175398,0.419670075154648,plos,PLOS One,nat,author.contact,31,31,10,21,,0,1.85714285714286,0,FALSE,FALSE,FALSE,FALSE
27870889,ltn-mle-sd,-18.9665630893261,4.94502154675057,49.3789646570143,5.57083256151145,-115.74755541095,77.8144292322981,-5.97360963771488,15.863652731216,FALSE,-78.4247084671403,-18.9665630893261,-6.55671157507959,-51.4934189996856,-45.6974590368672,-46.4541444834158,,,,,,,-26.0285707832196,0,9.91565966350053,4.94502154675057,3.27042817413684,7.77407785609099,7.36991846642895,7.53788438562406,,,,,,,5.68948316511109,1.86690629499697,10,1,1,52,0,1,9999,9999,9999,9999,9999,9999,1,0,10.6637533669617,11.1326931453916,11.2726891509302,11.0670880425935,11.0723190269225,11.0760661822719,8.98846567431158e+307,8.98846567431158e+307,8.98846567431158e+307,8.98846567431158e+307,8.98846567431158e+307,8.98846567431158e+307,11.1058570418382,11.7835260276114,FALSE,FALSE,FALSE,FALSE,TRUE,FALSE,,,,,,,TRUE,FALSE,FALSE,TRUE,TRUE,FALSE,TRUE,TRUE,,,,,,,TRUE,TRUE,1,nlm,-45.6974590368672,0.125,1,1,nlm,nlm,7.36991846642895,0.125,1,1,nlm,nlm,,31,10,21,0.32258064516129,Rytwinski 2016,Unclear,-0.488716814384887,0.613413012141361,0.472127779092704,0.374174926338506,0.97960445451632,0.414830548979084,1.54437836005356,0.00137355080143031,smd,Not possible,7.63143237503898,Inf,7.63143237503898,0.155515057472106,-0.243702340231187,0.554732455175398,0.419670075154648,plos,PLOS One,nat,author.contact,31,31,10,21,,0,1.85714285714286,0,FALSE,FALSE,FALSE,FALSE
28085922,csm-mle-sd,0.908080893780924,0.57737110859802,0.1590490351338,0.083099532157619,0.59635051314283,1.21981127441902,0.414499018436958,0.740243198759081,TRUE,0.908088978468842,0.908080893780924,0.908075770379924,0.908076769500977,0.908076241068264,0.90807677897419,,,,,,,0.90807678579494,-2.30460332300151e-17,0.57741637358905,0.57737110859802,0.577367248612149,0.577367490044565,0.57736592602987,0.577366461519278,,,,,,,0.577366458733684,0.821300095002727,0,0,0,0,0,0,9999,9999,9999,9999,9999,9999,0,0,13.6268780352443,13.6268778557665,13.6268778540114,13.6268778540198,13.626877853968,13.6268778539428,8.98846567431158e+307,8.98846567431158e+307,8.98846567431158e+307,8.98846567431158e+307,8.98846567431158e+307,8.98846567431158e+307,13.6268778539428,25.017712645261,TRUE,TRUE,TRUE,TRUE,TRUE,TRUE,,,,,,,TRUE,FALSE,TRUE,TRUE,TRUE,TRUE,TRUE,TRUE,,,,,,,TRUE,TRUE,7,Nelder-Mead BFGS CG L-BFGS-B nlm nlminb Rcgmin,0.90807678579494,0.875,7,1,Nelder-Mead BFGS CG L-BFGS-B nlm nlminb Rcgmin,Nelder-Mead BFGS CG L-BFGS-B nlm nlminb Rcgmin,0.577366458733684,0.875,7,1,Nelder-Mead BFGS CG L-BFGS-B nlm nlminb Rcgmin,Nelder-Mead BFGS CG L-BFGS-B nlm nlminb Rcgmin,,39,19,20,0.487179487179487,McEwan 2017,All randomized,-0.874343706233443,0.4171356934189,0.347844275799843,0.00129804352815932,0.721088493583954,0.475538537320418,0.96663844984749,1.19203032244997e-06,smd,Not possible,Not possible,Inf,Inf,0.201059646367199,-0.00125262480688623,0.403371917541285,0.0511960515104775,plos,PLOS One,soc,scraped,39,33,18,15,2007,39,1.95,0.0256410256410256,FALSE,FALSE,TRUE,FALSE
28085922,ltn-mle-sd,-19.3793326848251,3.5664214831704,16.3603340866879,1.45058055571592,-51.4449982697765,12.6863329001262,0.723335837293089,6.40950712904771,FALSE,-46.5960672149178,-19.3793326848251,-2.28662521150341,-25.9980527944058,-22.4135410359247,-25.2102539103665,,,,,,,-18.9384244526268,-16.3636128520835,5.74812278223795,3.5664214831704,1.5325780567445,4.0957054890475,3.83018575857521,4.03809274935363,,,,,,,3.53309434116854,3.29990274852264,0,1,1,0,0,1,9999,9999,9999,9999,9999,9999,1,0,7.54662474515131,9.60032947316517,10.0046786328838,9.5837078938022,9.59168332161054,9.58522405084358,8.98846567431158e+307,8.98846567431158e+307,8.98846567431158e+307,8.98846567431158e+307,8.98846567431158e+307,8.98846567431158e+307,9.60178832135338,9.61234731025012,FALSE,FALSE,FALSE,FALSE,FALSE,FALSE,,,,,,,TRUE,FALSE,TRUE,TRUE,TRUE,TRUE,TRUE,TRUE,,,,,,,TRUE,TRUE,0,"",,,0,,NA NA NA NA NA NA NA NA,"",,,0,,NA NA NA NA NA NA NA NA,"",,39,19,20,0.487179487179487,McEwan 2017,All randomized,-0.874343706233443,0.4171356934189,0.347844275799843,0.00129804352815932,0.721088493583954,0.475538537320418,0.96663844984749,1.19203032244997e-06,smd,Not possible,Not possible,Inf,Inf,0.201059646367199,-0.00125262480688623,0.403371917541285,0.0511960515104775,plos,PLOS One,soc,scraped,39,33,18,15,2007,39,1.95,0.0256410256410256,FALSE,FALSE,TRUE,FALSE
29293522,csm-mle-sd,0.353781784488445,0.156540958627995,0.0412243489786219,0.0293956526505824,0.272983545204235,0.434580023772654,0.0989265381308039,0.214155379125186,TRUE,0.353772468406533,0.353781784488445,0.35378429036597,0.353781328711999,0.353785507018679,0.35378599360342,,,,,,,0.353785549947723,0.353785547796856,0.156542001983003,0.156540958627995,0.156536638855571,0.156541598598661,0.156536037211948,0.156535817084765,,,,,,,0.15653598187899,0.156535981813425,0,0,0,0,0,0,9999,9999,9999,9999,9999,9999,1,2,-30.6784439756567,-30.6784440121037,-30.6784440259615,-30.6784440081717,-30.6784440264441,-30.6784440263874,8.98846567431158e+307,8.98846567431158e+307,8.98846567431158e+307,8.98846567431158e+307,8.98846567431158e+307,8.98846567431158e+307,-30.6784440264459,-30.6784440264459,TRUE,TRUE,TRUE,TRUE,TRUE,TRUE,,,,,,,TRUE,TRUE,TRUE,TRUE,TRUE,TRUE,TRUE,TRUE,,,,,,,TRUE,TRUE,6,Nelder-Mead BFGS CG L-BFGS-B nlm nlminb,0.353785507018679,1,6,1,Nelder-Mead BFGS CG L-BFGS-B nlm nlminb Rcgmin Rvmmin,Nelder-Mead BFGS CG L-BFGS-B nlm nlminb,0.156536037211948,1,6,1,Nelder-Mead BFGS CG L-BFGS-B nlm nlminb Rcgmin Rvmmin,Nelder-Mead BFGS CG L-BFGS-B nlm nlminb,,46,41,5,0.891304347826087,del-Pino-Casado 2018,All observational,1.08203121494631,2.95066690692653,0.68284815766761,0.115129148981444,0.391432050609603,0.342668975440038,0.440195125779168,0,z,Not possible,23.1725373835407,Inf,23.1725373835407,0.144464700042168,-0.0429183008862157,0.331847700970551,0.0804689516571542,plos,PLOS One,soc,scraped,46,43,40,3,2011.5,46,0,0,FALSE,FALSE,FALSE,FALSE
29293522,ltn-mle-sd,0.350402812126703,0.157280680993375,0.0478209389199184,0.0347552525172617,0.256675494136774,0.444130130116633,0.0891616377859467,0.225399724200803,TRUE,0.350409497411988,0.350402812126703,0.350419364228958,0.350412853661353,0.350420368428755,0.350420020403546,,,,,,,0.350420445381412,0.35042044382054,0.157281464305667,0.157280680993375,0.157280765989134,0.157287853686215,0.157280292942291,0.157280176834458,,,,,,,0.15728021631822,0.157280216371589,0,0,0,0,0,0,9999,9999,9999,9999,9999,9999,1,3,-26.2989344752672,-26.2989343934916,-26.2989345149388,-26.2989344909908,-26.2989345151919,-26.2989345151058,8.98846567431158e+307,8.98846567431158e+307,8.98846567431158e+307,8.98846567431158e+307,8.98846567431158e+307,8.98846567431158e+307,-26.2989345151944,-26.2989345151944,TRUE,TRUE,TRUE,TRUE,TRUE,TRUE,,,,,,,TRUE,TRUE,TRUE,TRUE,TRUE,TRUE,TRUE,TRUE,,,,,,,TRUE,TRUE,6,Nelder-Mead BFGS CG L-BFGS-B nlm nlminb,0.350420368428755,1,6,1,Nelder-Mead BFGS CG L-BFGS-B nlm nlminb Rcgmin Rvmmin,Nelder-Mead BFGS CG L-BFGS-B nlm nlminb,0.157280292942291,1,6,1,Nelder-Mead BFGS CG L-BFGS-B nlm nlminb Rcgmin Rvmmin,Nelder-Mead BFGS CG L-BFGS-B nlm nlminb,,46,41,5,0.891304347826087,del-Pino-Casado 2018,All observational,1.08203121494631,2.95066690692653,0.68284815766761,0.115129148981444,0.391432050609603,0.342668975440038,0.440195125779168,0,z,Not possible,23.1725373835407,Inf,23.1725373835407,0.144464700042168,-0.0429183008862157,0.331847700970551,0.0804689516571542,plos,PLOS One,soc,scraped,46,43,40,3,2011.5,46,0,0,FALSE,FALSE,FALSE,FALSE
29360884,csm-mle-sd,0.0471724861790949,0.452919792797301,0.0857329224455565,0.0452925646961499,-0.120860954103561,0.215205926461751,0.364147997225397,0.541691588369206,TRUE,0.0471579794051595,0.0471724861790949,0.0471713064181997,0.0471714909880789,0.0471718907401518,0.0471718859445977,,,,,,,0.0471718869644976,0.0471718847862423,0.452903269657219,0.452919792797301,0.452918318883229,0.452918461734097,0.452918254566567,0.452918243524875,,,,,,,0.452918239600742,0.452918235283176,0,0,0,0,0,0,9999,9999,9999,9999,9999,9999,1,0,15.9199190700957,15.9199190104632,15.9199190099015,15.9199190099017,15.919919009874,15.919919009874,8.98846567431158e+307,8.98846567431158e+307,8.98846567431158e+307,8.98846567431158e+307,8.98846567431158e+307,8.98846567431158e+307,15.919919009874,15.919919009874,TRUE,TRUE,TRUE,TRUE,TRUE,TRUE,,,,,,,TRUE,TRUE,TRUE,TRUE,TRUE,TRUE,TRUE,TRUE,,,,,,,TRUE,TRUE,7,Nelder-Mead BFGS CG L-BFGS-B nlm nlminb Rvmmin,0.0471718847862423,1,7,1,Nelder-Mead BFGS CG L-BFGS-B nlm nlminb Rcgmin Rvmmin,Nelder-Mead BFGS CG L-BFGS-B nlm nlminb Rvmmin,0.452918235283176,1,7,1,Nelder-Mead BFGS CG L-BFGS-B nlm nlminb Rcgmin Rvmmin,Nelder-Mead BFGS CG L-BFGS-B nlm nlminb Rvmmin,,83,26,57,0.313253012048193,Adams 2018,All observational,0.171617246673582,1.1872233325589,0.174316754464099,0.25925776358994,0.0684538615110148,-0.0471763950463159,0.184084118068346,0.241727595941552,log-ratio,1.44391493289001,1.00006610529211,1.44391493289001,1.00006610529211,-0.210467490451148,-0.28620991172245,-0.134725069179845,1.72552470556475e-06,plos,PLOS One,med,author.contact,83,77,24,53,2008,83,16.4210526315789,0,TRUE,FALSE,FALSE,FALSE
29360884,ltn-mle-sd,-0.969162579448281,0.762347224475822,2.84134115077714,0.629972855677676,-6.53808890276307,4.59976374386651,-0.472376883890272,1.99707133284192,TRUE,-0.969555967420768,-0.969162579448281,-0.573654312477773,-0.969028834011834,-0.96895628303134,-0.969039220806138,,,,,,,-0.969035988019932,-0.969037712402035,0.762428348989535,0.762347224475822,0.669694499996933,0.762314003154106,0.762300430928123,0.762319141827328,,,,,,,0.762318435763942,0.762318811685141,0,0,1,0,0,0,9999,9999,9999,9999,9999,9999,1,0,-2.91721154807625,-2.9172115646489,-2.90211815286776,-2.91721156515233,-2.91721156521204,-2.91721156565399,8.98846567431158e+307,8.98846567431158e+307,8.98846567431158e+307,8.98846567431158e+307,8.98846567431158e+307,8.98846567431158e+307,-2.91721156565335,-2.91721156565386,TRUE,TRUE,FALSE,TRUE,TRUE,TRUE,,,,,,,TRUE,TRUE,TRUE,TRUE,TRUE,TRUE,TRUE,TRUE,,,,,,,TRUE,TRUE,6,Nelder-Mead BFGS L-BFGS-B nlm nlminb Rvmmin,-0.969039220806138,0.875,6,1,Nelder-Mead BFGS L-BFGS-B nlm nlminb Rcgmin Rvmmin,Nelder-Mead BFGS L-BFGS-B nlm nlminb Rvmmin,0.762319141827328,0.875,6,1,Nelder-Mead BFGS L-BFGS-B nlm nlminb Rcgmin Rvmmin,Nelder-Mead BFGS L-BFGS-B nlm nlminb Rvmmin,,83,26,57,0.313253012048193,Adams 2018,All observational,0.171617246673582,1.1872233325589,0.174316754464099,0.25925776358994,0.0684538615110148,-0.0471763950463159,0.184084118068346,0.241727595941552,log-ratio,1.44391493289001,1.00006610529211,1.44391493289001,1.00006610529211,-0.210467490451148,-0.28620991172245,-0.134725069179845,1.72552470556475e-06,plos,PLOS One,med,author.contact,83,77,24,53,2008,83,16.4210526315789,0,TRUE,FALSE,FALSE,FALSE
aim_2,csm-mle-sd,0.157419106255495,0.270051475367691,0.0721906561727618,0.0496873556967724,0.0159280201365678,0.298910192374422,0.172666047714986,0.367436903020396,TRUE,0.157454096044386,0.157419106255495,0.157412216221267,0.157411370863087,0.157410409289712,0.157410402193615,,,,,,,0.15741039265513,0.157410394434134,0.270031040174451,0.270051475367691,0.270042305011236,0.270042399172694,0.270040840423609,0.270040728064124,,,,,,,0.270040817600659,0.2700408171116,0,0,0,0,0,0,9999,9999,9999,9999,9999,9999,0,2,-9.10683206880936,-9.10683232888998,-9.10683235234164,-9.10683235239834,-9.1068323529039,-9.10683235290188,8.98846567431158e+307,8.98846567431158e+307,8.98846567431158e+307,8.98846567431158e+307,8.98846567431158e+307,8.98846567431158e+307,-9.10683235290397,-9.10683235290396,FALSE,TRUE,TRUE,TRUE,TRUE,TRUE,,,,,,,TRUE,TRUE,TRUE,TRUE,TRUE,TRUE,TRUE,TRUE,,,,,,,TRUE,TRUE,6,BFGS CG L-BFGS-B nlm nlminb Rcgmin,0.15741039265513,1,6,1,Nelder-Mead BFGS CG L-BFGS-B nlm nlminb Rcgmin Rvmmin,BFGS CG L-BFGS-B nlm nlminb Rcgmin,0.270040817600659,1,6,1,Nelder-Mead BFGS CG L-BFGS-B nlm nlminb Rcgmin Rvmmin,BFGS CG L-BFGS-B nlm nlminb Rcgmin,,64,26,38,0.40625,Pillay 2015,All randomized,0.872890422962683,2.39382001585567,0.27088008200185,0.00043521271464626,0.256526192292808,0.155947000373067,0.35710538421255,4.02006794031351e-06,smd,Not possible,6.58591708124768,Inf,6.58591708124768,0.0125195549310995,-0.0691924450090011,0.0942315548712001,0.75601336453676,top.med,Top medical,"",author.contact,64,61,26,35,2010,64,2.05263157894737,0,FALSE,FALSE,TRUE,FALSE
aim_2,ltn-mle-sd,-12.6920493483597,1.82597296161355,0.0558627612490599,0.0580418548005218,-12.8015383484848,-12.5825603482346,1.71221301660862,1.93973290661847,TRUE,-16.7766184127533,-12.6920493483597,-2.71742538679466,-11.8756388585996,-10.2222127619593,-12.2809370963341,,,,,,,-7.94476330375031,-9.63744963452705,2.0959501425642,1.82597296161355,0.915710136963755,1.77166174733119,1.65314554903062,1.79878259092035,,,,,,,1.46639055929824,1.57771470098198,0,0,1,0,0,1,9999,9999,9999,9999,9999,9999,1,0,-11.8319918863805,-9.72724305054314,-8.91986435177905,-9.70761912308389,-9.6602740514434,-9.71767166598556,8.98846567431158e+307,8.98846567431158e+307,8.98846567431158e+307,8.98846567431158e+307,8.98846567431158e+307,8.98846567431158e+307,-9.5667356351763,-9.6258673247059,FALSE,FALSE,FALSE,FALSE,FALSE,FALSE,,,,,,,FALSE,FALSE,TRUE,FALSE,TRUE,FALSE,TRUE,FALSE,,,,,,,TRUE,TRUE,0,"",,,0,,NA NA NA NA NA NA NA NA,"",,,0,,NA NA NA NA NA NA NA NA,"",,64,26,38,0.40625,Pillay 2015,All randomized,0.872890422962683,2.39382001585567,0.27088008200185,0.00043521271464626,0.256526192292808,0.155947000373067,0.35710538421255,4.02006794031351e-06,smd,Not possible,6.58591708124768,Inf,6.58591708124768,0.0125195549310995,-0.0691924450090011,0.0942315548712001,0.75601336453676,top.med,Top medical,"",author.contact,64,61,26,35,2010,64,2.05263157894737,0,FALSE,FALSE,TRUE,FALSE
jama_11,csm-mle-sd,2.7504300659131,2.00113289577977,0.845635662131033,0.540376173981259,1.09301462409359,4.4078455077326,0.942015056672956,3.06025073488659,TRUE,2.74995686065177,2.7504300659131,2.75043953477039,2.75043861901588,2.75044178149156,2.75043882346509,,,,,,,0,0,2.00107739572541,2.00113289577977,2.00113210890379,2.00113195957763,2.00113416491588,2.00113361105093,,,,,,,2.00476786160384,2.00476784351638,0,0,0,0,0,0,9999,9999,9999,9999,9999,9999,0,2,99.1739109861223,99.173910802619,99.1739108025335,99.173910802533,99.173910802546,99.1739108025416,8.98846567431158e+307,8.98846567431158e+307,8.98846567431158e+307,8.98846567431158e+307,8.98846567431158e+307,8.98846567431158e+307,106.99050942489,106.99050942489,TRUE,TRUE,TRUE,TRUE,TRUE,TRUE,,,,,,,FALSE,FALSE,TRUE,TRUE,TRUE,TRUE,TRUE,TRUE,,,,,,,TRUE,TRUE,6,Nelder-Mead BFGS CG L-BFGS-B nlm nlminb,2.75043861901588,0.75,6,1,Nelder-Mead BFGS CG L-BFGS-B nlm nlminb,Nelder-Mead BFGS CG L-BFGS-B nlm nlminb,2.00113195957763,1,6,1,Nelder-Mead BFGS CG L-BFGS-B nlm nlminb Rcgmin Rvmmin,Nelder-Mead BFGS CG L-BFGS-B nlm nlminb,,47,12,35,0.25531914893617,Bratton 2015,All randomized,0.136420828942624,1.14616413115737,0.419419583678657,0.246134693957237,2.57008314409106,1.53399133232103,3.60617495586109,1.33741148664601e-05,other,Not possible,Not possible,Inf,Inf,0.766835547556298,-0.173832051391235,1.70750314650383,0.102138792118024,top.med,Top medical,"",scraped,47,47,12,35,2010,47,2.22857142857143,0.0212765957446809,FALSE,FALSE,FALSE,FALSE
jama_11,ltn-mle-sd,3.99976531549133,1.01304672202033,2.13871060484462,2.45801281718772,-0.192030443358004,8.19156107434067,-3.80456987320544,5.8306633172461,TRUE,4.00058842903203,3.99976531549133,3.99928699582027,3.9993619642725,3.99936188238573,3.99936082142463,,,,,,,0,0,1.01325819477269,1.01304672202033,1.0136242881233,1.0135370847167,1.01352717691751,1.01353672095361,,,,,,,3.10438868874171,3.10438861000418,0,0,1,0,0,0,9999,9999,9999,9999,9999,9999,0,2,20.4196217036643,20.4196213901016,20.4196213695139,20.4196213690626,20.4196213690797,20.4196213690621,8.98846567431158e+307,8.98846567431158e+307,8.98846567431158e+307,8.98846567431158e+307,8.98846567431158e+307,8.98846567431158e+307,20.6358455450656,20.6358455450656,TRUE,TRUE,TRUE,TRUE,TRUE,TRUE,,,,,,,FALSE,FALSE,TRUE,TRUE,TRUE,TRUE,TRUE,TRUE,,,,,,,FALSE,FALSE,5,Nelder-Mead BFGS L-BFGS-B nlm nlminb,3.99936082142463,0.75,5,1,Nelder-Mead BFGS CG L-BFGS-B nlm nlminb,Nelder-Mead BFGS L-BFGS-B nlm nlminb,1.01353672095361,0.75,5,1,Nelder-Mead BFGS CG L-BFGS-B nlm nlminb,Nelder-Mead BFGS L-BFGS-B nlm nlminb,,47,12,35,0.25531914893617,Bratton 2015,All randomized,0.136420828942624,1.14616413115737,0.419419583678657,0.246134693957237,2.57008314409106,1.53399133232103,3.60617495586109,1.33741148664601e-05,other,Not possible,Not possible,Inf,Inf,0.766835547556298,-0.173832051391235,1.70750314650383,0.102138792118024,top.med,Top medical,"",scraped,47,47,12,35,2010,47,2.22857142857143,0.0212765957446809,FALSE,FALSE,FALSE,FALSE
jama_2,csm-mle-sd,1.81726834088651,1.45688311624298,0.49474509316709,0.320247784163711,0.847585776751096,2.78695090502191,0.829208993153353,2.08455723933261,TRUE,1.81698608817101,1.81726834088651,1.81664984593253,1.81664999229865,1.81664866627035,1.81665011500663,,,,,,,0,0,1.45673862654672,1.45688311624298,1.45671060998644,1.45671081682259,1.45671013556135,1.45671059836085,,,,,,,1.79008767846941,1.79008766147419,0,0,0,0,0,0,9999,9999,9999,9999,9999,9999,0,2,93.0292097983769,93.0292103856467,93.0292095657599,93.0292095657602,93.0292095657636,93.02920956576,8.98846567431158e+307,8.98846567431158e+307,8.98846567431158e+307,8.98846567431158e+307,8.98846567431158e+307,8.98846567431158e+307,99.8042423437406,99.8042423437406,TRUE,TRUE,TRUE,TRUE,TRUE,TRUE,,,,,,,FALSE,FALSE,TRUE,TRUE,TRUE,TRUE,TRUE,TRUE,,,,,,,TRUE,TRUE,6,Nelder-Mead BFGS CG L-BFGS-B nlm nlminb,1.81664984593253,0.75,6,1,Nelder-Mead BFGS CG L-BFGS-B nlm nlminb,Nelder-Mead BFGS CG L-BFGS-B nlm nlminb,1.45671060998644,0.75,6,1,Nelder-Mead BFGS CG L-BFGS-B nlm nlminb,Nelder-Mead BFGS CG L-BFGS-B nlm nlminb,,51,20,31,0.392156862745098,Busse 2018,All randomized,0.541316866093445,1.71826810198603,0.282321136201119,0.177091296723307,2.08330565734931,1.36703463190109,2.79957668279752,9.264370326445e-07,smd,Not possible,Not possible,Inf,Inf,0.598370862369757,-0.0575321733025101,1.25427389804202,0.0709469268154908,top.med,Top medical,"",scraped,51,49,19,30,2010,50,2.51612903225806,0.0784313725490196,FALSE,TRUE,FALSE,FALSE
jama_2,ltn-mle-sd,-5.56793266040599,3.66622676148727,14.2383400077479,3.18072040277824,-33.4745662752276,22.3387009544156,-2.5678706728498,9.90032419582435,TRUE,-5.66106747059021,-5.56793266040599,-3.80717925420103,-5.64882289236395,-5.64825040886585,-5.64839926121929,,,,,,,0,0,3.68669904349878,3.66622676148727,3.26145594992691,3.68391527778916,3.68385790089137,3.68389151548898,,,,,,,2.1597721157397,2.15977214957258,0,0,1,0,0,0,9999,9999,9999,9999,9999,9999,0,0,30.5819529844219,30.581968214811,30.5923991747631,30.5819526058805,30.5819525992498,30.5819525992045,8.98846567431158e+307,8.98846567431158e+307,8.98846567431158e+307,8.98846567431158e+307,8.98846567431158e+307,8.98846567431158e+307,30.8078811970083,30.8078811970083,TRUE,TRUE,TRUE,TRUE,TRUE,TRUE,,,,,,,FALSE,FALSE,TRUE,TRUE,TRUE,TRUE,TRUE,TRUE,,,,,,,TRUE,TRUE,5,Nelder-Mead BFGS L-BFGS-B nlm nlminb,-5.64839926121929,0.375,3,0.6,L-BFGS-B nlm nlminb,L-BFGS-B nlm nlminb,3.68389151548898,0.5,4,0.8,Nelder-Mead L-BFGS-B nlm nlminb,Nelder-Mead L-BFGS-B nlm nlminb,,51,20,31,0.392156862745098,Busse 2018,All randomized,0.541316866093445,1.71826810198603,0.282321136201119,0.177091296723307,2.08330565734931,1.36703463190109,2.79957668279752,9.264370326445e-07,smd,Not possible,Not possible,Inf,Inf,0.598370862369757,-0.0575321733025101,1.25427389804202,0.0709469268154908,top.med,Top medical,"",scraped,51,49,19,30,2010,50,2.51612903225806,0.0784313725490196,FALSE,TRUE,FALSE,FALSE
lancet_12,csm-mle-sd,1.4391181726539,1.06510440093057,0.285638799555305,0.155553178053022,0.879276412938248,1.99895993236955,0.760225774265902,1.36998302759524,TRUE,1.43893793437455,1.4391181726539,1.43916094461124,1.43916168434412,1.43916056603532,1.43916143045742,,,,,,,0,0,1.06516503956757,1.06510440093057,1.06507263504747,1.06507278210264,1.06507139816335,1.06507229249255,,,,,,,1.42633037301202,1.42633039900894,0,0,0,0,0,0,9999,9999,9999,9999,9999,9999,0,0,35.83755846615,35.8375579228881,35.8375578834742,35.8375578834742,35.8375578834885,35.8375578834693,8.98846567431158e+307,8.98846567431158e+307,8.98846567431158e+307,8.98846567431158e+307,8.98846567431158e+307,8.98846567431158e+307,45.7336937002563,45.7336937002563,TRUE,TRUE,TRUE,TRUE,TRUE,TRUE,,,,,,,FALSE,FALSE,TRUE,TRUE,TRUE,TRUE,TRUE,TRUE,,,,,,,TRUE,TRUE,6,Nelder-Mead BFGS CG L-BFGS-B nlm nlminb,1.43916143045742,0.75,6,1,Nelder-Mead BFGS CG L-BFGS-B nlm nlminb,Nelder-Mead BFGS CG L-BFGS-B nlm nlminb,1.06507229249255,0.75,6,1,Nelder-Mead BFGS CG L-BFGS-B nlm nlminb,Nelder-Mead BFGS CG L-BFGS-B nlm nlminb,,39,19,20,0.487179487179487,Hole 2015,All randomized,-1.00818384477671,0.364881058811043,0.329201349880959,1.21604514347409e-07,0.832730091079006,0.481478292316947,1.18398188984106,2.90472080721749e-05,smd,Not possible,Not possible,Inf,Inf,0.159215726604797,0.0526641480655139,0.26576730514408,0.0072577379353933,top.med,Top medical,"",scraped,39,36,19,17,2008,39,0,0.0769230769230769,FALSE,TRUE,TRUE,FALSE
lancet_12,ltn-mle-sd,-42.1678349814247,6.99430974458453,3.27563538700909,0.841827721394478,-48.5879623664475,-35.747707596402,5.34435772946393,8.64426175970512,FALSE,-73.2178049952442,-42.1678349814247,-15.0323240555419,-49.0380022818527,-57.3905292310913,-54.2152286284779,,,,,,,-33.0699661781506,-43.3101457671435,9.41067771399935,6.99430974458453,4.44293285358987,7.52422337116193,8.31753344553995,7.8305930989833,,,,,,,6.27095146961425,7.10076870232785,10,1,1,52,0,1,9999,9999,9999,9999,9999,9999,1,3,20.7253062675894,20.8568867614803,21.3730974751093,20.8114849681122,20.7942429931032,20.7865954293774,8.98846567431158e+307,8.98846567431158e+307,8.98846567431158e+307,8.98846567431158e+307,8.98846567431158e+307,8.98846567431158e+307,20.9429783937745,20.8481481280609,FALSE,FALSE,FALSE,FALSE,FALSE,FALSE,,,,,,,TRUE,TRUE,FALSE,TRUE,TRUE,TRUE,FALSE,FALSE,,,,,,,TRUE,TRUE,0,"",,,0,,NA NA NA NA NA NA NA NA,"",,,0,,NA NA NA NA NA NA NA NA,"",,39,19,20,0.487179487179487,Hole 2015,All randomized,-1.00818384477671,0.364881058811043,0.329201349880959,1.21604514347409e-07,0.832730091079006,0.481478292316947,1.18398188984106,2.90472080721749e-05,smd,Not possible,Not possible,Inf,Inf,0.159215726604797,0.0526641480655139,0.26576730514408,0.0072577379353933,top.med,Top medical,"",scraped,39,36,19,17,2008,39,0,0.0769230769230769,FALSE,TRUE,TRUE,FALSE
lancet_7,csm-mle-sd,0.846503970663835,0.377771542169769,0.108022796330294,0.0685588159900136,0.634783180347153,1.05822476098052,0.243398732006634,0.512144352332904,TRUE,0.846633096159583,0.846503970663835,0.846497065979121,0.846498082075639,0.84649639507278,0.846497335752951,,,,,,,0,0.846497303133718,0.377762960206419,0.377771542169769,0.377777200332498,0.377778315654728,0.377776098138215,0.377776813696318,,,,,,,0.607944055537751,0.377776813743994,0,0,0,0,0,0,9999,9999,9999,9999,9999,9999,0,2,52.5006422632478,52.5006412233043,52.5006412156727,52.5006412158872,52.5006412157121,52.500641215646,8.98846567431158e+307,8.98846567431158e+307,8.98846567431158e+307,8.98846567431158e+307,8.98846567431158e+307,8.98846567431158e+307,84.9420795387458,52.500641215646,TRUE,TRUE,TRUE,TRUE,TRUE,TRUE,,,,,,,FALSE,TRUE,TRUE,TRUE,TRUE,TRUE,TRUE,TRUE,,,,,,,TRUE,TRUE,6,Nelder-Mead BFGS CG L-BFGS-B nlm nlminb,0.846497335752951,0.875,6,1,Nelder-Mead BFGS CG L-BFGS-B nlm nlminb Rvmmin,Nelder-Mead BFGS CG L-BFGS-B nlm nlminb,0.377776813696318,0.875,6,1,Nelder-Mead BFGS CG L-BFGS-B nlm nlminb Rvmmin,Nelder-Mead BFGS CG L-BFGS-B nlm nlminb,,99,31,68,0.313131313131313,IL6R Consortium 2017,All randomized,-0.402129077293841,0.668894401038748,0.143428937574831,0.855659893605865,0.688119518724423,0.553295005072198,0.822944032376647,1.99840144432528e-15,log-ratio,Not possible,Not possible,Inf,Inf,0.335778067982642,0.229810424802569,0.441745711162715,3.21899493727074e-07,top.med,Top medical,"",scraped,99,99,31,68,1999,99,1.14705882352941,0.0101010101010101,FALSE,FALSE,FALSE,FALSE
lancet_7,ltn-mle-sd,-9.99828622290826,2.19543168484855,34.09007013927,3.39341243952611,-76.8135959263217,56.8170234805052,-4.45553448131283,8.84639785100993,FALSE,-21.47533216469,-9.99828622290826,-1.11175714082925,-17.5766721763898,-16.8945509447849,-13.6533247953141,,,,,,,-10.0284489323295,-10.6194354858243,3.13981031289548,2.19543168484855,0.970103763482014,2.8485119389242,2.795664121078,2.53123431634786,,,,,,,2.19681591739768,2.25421345209987,0,1,1,52,0,1,9999,9999,9999,9999,9999,9999,1,3,5.21590890277805,5.22710256052201,5.38390964633581,5.21800768163918,5.21843919755193,5.22122267293383,8.98846567431158e+307,8.98846567431158e+307,8.98846567431158e+307,8.98846567431158e+307,8.98846567431158e+307,8.98846567431158e+307,5.22700868872809,5.22574958002868,FALSE,FALSE,FALSE,FALSE,FALSE,FALSE,,,,,,,TRUE,FALSE,FALSE,TRUE,TRUE,TRUE,TRUE,TRUE,,,,,,,TRUE,TRUE,0,"",,,0,,NA NA NA NA NA NA NA NA,"",,,0,,NA NA NA NA NA NA NA NA,"",,99,31,68,0.313131313131313,IL6R Consortium 2017,All randomized,-0.402129077293841,0.668894401038748,0.143428937574831,0.855659893605865,0.688119518724423,0.553295005072198,0.822944032376647,1.99840144432528e-15,log-ratio,Not possible,Not possible,Inf,Inf,0.335778067982642,0.229810424802569,0.441745711162715,3.21899493727074e-07,top.med,Top medical,"",scraped,99,99,31,68,1999,99,1.14705882352941,0.0101010101010101,FALSE,FALSE,FALSE,FALSE
pb_1,csm-mle-sd,0.2206911749331,0.00037246475033913,0.0470931450305038,4.31583727992328e-08,0.128390306754591,0.312992043111608,0.000372380161482813,0.000372549339195448,TRUE,0.219878893975387,0.2206911749331,0.220150576365286,0.219925663693209,0.236395866964614,0.21990053887593,,,,,,,0.219900537514292,0.219900536500117,2.21168836537822e-05,0.00037246475033913,0.000936798633364241,3.51523938221875e-05,2.74957642985384e-07,1.01140966608284e-10,,,,,,,9.53458208488439e-06,2.8232047171135e-05,0,0,0,52,0,0,9999,9999,9999,9999,9999,9999,0,3,-8.55569526894607,-8.55554716317374,-8.55563493817458,-8.55569519267543,-8.49450662853624,-8.55569540057434,8.98846567431158e+307,8.98846567431158e+307,8.98846567431158e+307,8.98846567431158e+307,8.98846567431158e+307,8.98846567431158e+307,-8.55569539575222,-8.55569535829586,FALSE,FALSE,FALSE,FALSE,FALSE,FALSE,,,,,,,FALSE,TRUE,TRUE,TRUE,TRUE,TRUE,FALSE,FALSE,,,,,,,FALSE,TRUE,0,"",,,0,,NA NA NA NA NA NA NA NA,"",,,0,,NA NA NA NA NA NA NA NA,"",,55,10,45,0.181818181818182,Nguyen 2019,Mixed,0.505619076986402,1.65801163965399,0.179822507918143,0.196876049145261,0.242745493702588,0.167914937341033,0.317576050064144,9.83360111117548e-08,smd,Not possible,Not possible,Inf,Inf,0.147116267011286,0.0897468205424656,0.204485713480106,1.03454281030757e-05,top.psych,Top psychology,"",scraped,55,52,9,43,2014,55,0,0.0181818181818182,FALSE,FALSE,FALSE,FALSE
pb_1,ltn-mle-sd,-10.1235340478302,1.62109077328668,0.599560993164672,0.273584971171705,-11.2986520009681,-8.94841609469241,1.08487408307871,2.15730746349465,TRUE,-15.3528733874282,-10.1235340478302,-1.29955105961485,-11.4583966259077,-15.8716685968318,-8.33416022358011,,,,,,,-8.84874382657712,-7.93566548630091,1.9929909858698,1.62109077328668,0.679669699699624,1.72708964515686,2.07593170691664,1.47962968166798,,,,,,,1.54019250906189,1.44245994645341,0,0,1,0,0,1,9999,9999,9999,9999,9999,9999,1,0,-4.18784302767408,-4.03057071805106,-3.86299427455823,-4.0341060713071,-4.10387820968181,-4.02346158748163,8.98846567431158e+307,8.98846567431158e+307,8.98846567431158e+307,8.98846567431158e+307,8.98846567431158e+307,8.98846567431158e+307,-4.02343376770411,-4.02131173403951,FALSE,FALSE,FALSE,FALSE,FALSE,FALSE,,,,,,,FALSE,FALSE,FALSE,TRUE,TRUE,FALSE,FALSE,TRUE,,,,,,,TRUE,TRUE,0,"",,,0,,NA NA NA NA NA NA NA NA,"",,,0,,NA NA NA NA NA NA NA NA,"",,55,10,45,0.181818181818182,Nguyen 2019,Mixed,0.505619076986402,1.65801163965399,0.179822507918143,0.196876049145261,0.242745493702588,0.167914937341033,0.317576050064144,9.83360111117548e-08,smd,Not possible,Not possible,Inf,Inf,0.147116267011286,0.0897468205424656,0.204485713480106,1.03454281030757e-05,top.psych,Top psychology,"",scraped,55,52,9,43,2014,55,0,0.0181818181818182,FALSE,FALSE,FALSE,FALSE
pb_19,csm-mle-sd,0.394113325722388,0.169933485409739,0.028909741611502,0.0229019212421022,0.337451273361485,0.45077537808329,0.125046544598446,0.214820426221032,TRUE,0.394116387335997,0.394113325722388,0.394108861611473,0.394109565021171,0.394111921790137,0.394111946068413,,,,,,,0.394111944163033,0.394111944687678,0.169923529889826,0.169933485409739,0.169928776726992,0.169932547153061,0.169927458124511,0.169927406567895,,,,,,,0.169927405790473,0.169927406496889,0,0,0,0,0,0,9999,9999,9999,9999,9999,9999,0,2,-26.2462394007854,-26.2462393751529,-26.2462394144755,-26.2462393952836,-26.2462394205124,-26.246239420515,8.98846567431158e+307,8.98846567431158e+307,8.98846567431158e+307,8.98846567431158e+307,8.98846567431158e+307,8.98846567431158e+307,-26.246239420515,-26.246239420515,TRUE,TRUE,TRUE,TRUE,TRUE,TRUE,,,,,,,TRUE,TRUE,TRUE,TRUE,TRUE,TRUE,TRUE,TRUE,,,,,,,TRUE,TRUE,7,Nelder-Mead BFGS CG L-BFGS-B nlm nlminb Rcgmin,0.394111946068413,1,7,1,Nelder-Mead BFGS CG L-BFGS-B nlm nlminb Rcgmin Rvmmin,Nelder-Mead BFGS CG L-BFGS-B nlm nlminb Rcgmin,0.169927406567895,1,7,1,Nelder-Mead BFGS CG L-BFGS-B nlm nlminb Rcgmin Rvmmin,Nelder-Mead BFGS CG L-BFGS-B nlm nlminb Rcgmin,,53,50,3,0.943396226415094,Chu 2017,All observational,-0.43030170731005,0.650312860978251,0.776543306265201,0.000252149479406786,0.393780471891825,0.345437863927236,0.442123079856413,0,z,77.8094241901586,9.13111669759018,77.8094241901586,9.13111669759018,-0.0930249816780822,-0.727354185583553,0.541304222227388,0.592141385748747,top.psych,Top psychology,"",author.contact,53,53,50,3,2014,53,13,0,TRUE,FALSE,TRUE,FALSE
pb_19,ltn-mle-sd,0.41710682236225,0.122544555782211,0.0191814326262505,0.0156032894051902,0.379511905242917,0.454701739481582,0.0919626705076833,0.15312644105674,TRUE,0.417111135069851,0.41710682236225,0.417111346163249,0.417110671408916,0.41711120194769,0.417111652561538,,,,,,,0.417111636094141,0.417111634315521,0.12253984072935,0.122544555782211,0.122546018436641,0.122551896257459,0.122545151362607,0.122545645399231,,,,,,,0.122545616951827,0.122545617668594,0,0,0,0,0,0,9999,9999,9999,9999,9999,9999,1,0,-31.8968401745211,-31.8968402091792,-31.8968402448574,-31.8968401643402,-31.8968402444769,-31.8968402452614,8.98846567431158e+307,8.98846567431158e+307,8.98846567431158e+307,8.98846567431158e+307,8.98846567431158e+307,8.98846567431158e+307,-31.8968402452634,-31.8968402452634,TRUE,TRUE,TRUE,TRUE,TRUE,TRUE,,,,,,,TRUE,TRUE,TRUE,TRUE,TRUE,TRUE,TRUE,TRUE,,,,,,,TRUE,TRUE,7,Nelder-Mead BFGS CG L-BFGS-B nlm nlminb Rvmmin,0.417111634315521,1,7,1,Nelder-Mead BFGS CG L-BFGS-B nlm nlminb Rcgmin Rvmmin,Nelder-Mead BFGS CG L-BFGS-B nlm nlminb Rvmmin,0.122545617668594,1,7,1,Nelder-Mead BFGS CG L-BFGS-B nlm nlminb Rcgmin Rvmmin,Nelder-Mead BFGS CG L-BFGS-B nlm nlminb Rvmmin,,53,50,3,0.943396226415094,Chu 2017,All observational,-0.43030170731005,0.650312860978251,0.776543306265201,0.000252149479406786,0.393780471891825,0.345437863927236,0.442123079856413,0,z,77.8094241901586,9.13111669759018,77.8094241901586,9.13111669759018,-0.0930249816780822,-0.727354185583553,0.541304222227388,0.592141385748747,top.psych,Top psychology,"",author.contact,53,53,50,3,2014,53,13,0,TRUE,FALSE,TRUE,FALSE
pb_5,csm-mle-sd,0.101723202555344,0.215051807191184,0.0671151095302143,0.0290410377050827,-0.0298199949423374,0.233266400053025,0.158132419215553,0.271971195166816,TRUE,0.101741926484504,0.101723202555344,0.10173249182938,0.101723591993287,0.101732739860135,0.101732845713551,,,,,,,0.101732845526491,0.101732855004354,0.215041337445363,0.215051807191184,0.215049278383118,0.215053481748356,0.215047723354693,0.215047667503288,,,,,,,0.215047654686176,0.215047653571639,0,0,0,0,0,0,9999,9999,9999,9999,9999,9999,0,2,-48.2858761588528,-48.2858761702752,-48.285876180131,-48.2858761624711,-48.2858761826018,-48.2858761826043,8.98846567431158e+307,8.98846567431158e+307,8.98846567431158e+307,8.98846567431158e+307,8.98846567431158e+307,8.98846567431158e+307,-48.2858761826044,-48.2858761826044,TRUE,TRUE,TRUE,TRUE,TRUE,TRUE,,,,,,,TRUE,TRUE,TRUE,TRUE,TRUE,TRUE,TRUE,TRUE,,,,,,,TRUE,TRUE,7,Nelder-Mead BFGS CG L-BFGS-B nlm nlminb Rcgmin,0.101732845526491,1,7,1,Nelder-Mead BFGS CG L-BFGS-B nlm nlminb Rcgmin Rvmmin,Nelder-Mead BFGS CG L-BFGS-B nlm nlminb Rcgmin,0.215047654686176,1,7,1,Nelder-Mead BFGS CG L-BFGS-B nlm nlminb Rcgmin Rvmmin,Nelder-Mead BFGS CG L-BFGS-B nlm nlminb Rcgmin,,62,51,11,0.82258064516129,Mason 2019,Unclear,1.89861338979142,6.67663013726643,0.305558178499664,4.44350493976366e-06,0.266242999103216,0.21997607051962,0.312509927686811,0,z,> 200,8.6861934852559,200,8.6861934852559,-0.00503159708500796,-0.180242975611717,0.170179781441701,0.950151751099019,top.psych,Top psychology,"",scraped,62,62,51,11,2005.5,62,10.6363636363636,0,TRUE,FALSE,TRUE,FALSE
pb_5,ltn-mle-sd,0.185737794584474,0.169505818017864,0.104171207281448,0.0522434481153687,-0.0184340199132201,0.389909609082168,0.0671105412835545,0.271901094752174,TRUE,0.18576927677738,0.185737794584474,0.185758439377624,0.185739571440662,0.185783031146178,0.185783366569953,,,,,,,0.185783553232208,0.18578354628626,0.169501268402067,0.169505818017864,0.169501263221673,0.169507576259913,0.169482684088012,0.169482419277475,,,,,,,0.169482396669024,0.169482399491808,0,0,1,0,0,0,9999,9999,9999,9999,9999,9999,0,2,-45.745418483095,-45.7454185689357,-45.7454186599886,-45.7454185542297,-45.745418671698,-45.7454186717057,8.98846567431158e+307,8.98846567431158e+307,8.98846567431158e+307,8.98846567431158e+307,8.98846567431158e+307,8.98846567431158e+307,-45.7454186717119,-45.7454186717119,TRUE,TRUE,TRUE,TRUE,TRUE,TRUE,,,,,,,TRUE,TRUE,TRUE,TRUE,TRUE,TRUE,TRUE,TRUE,,,,,,,TRUE,TRUE,6,Nelder-Mead BFGS L-BFGS-B nlm nlminb Rcgmin,0.185783553232208,1,6,1,Nelder-Mead BFGS CG L-BFGS-B nlm nlminb Rcgmin Rvmmin,Nelder-Mead BFGS L-BFGS-B nlm nlminb Rcgmin,0.169482396669024,1,6,1,Nelder-Mead BFGS CG L-BFGS-B nlm nlminb Rcgmin Rvmmin,Nelder-Mead BFGS L-BFGS-B nlm nlminb Rcgmin,,62,51,11,0.82258064516129,Mason 2019,Unclear,1.89861338979142,6.67663013726643,0.305558178499664,4.44350493976366e-06,0.266242999103216,0.21997607051962,0.312509927686811,0,z,> 200,8.6861934852559,200,8.6861934852559,-0.00503159708500796,-0.180242975611717,0.170179781441701,0.950151751099019,top.psych,Top psychology,"",scraped,62,62,51,11,2005.5,62,10.6363636363636,0,TRUE,FALSE,TRUE,FALSE
pb_7,csm-mle-sd,0.548631698972715,0.20388106941417,0.0974192042118491,0.0553609810462187,0.357693567314938,0.739569830630492,0.0953755404147767,0.312386598413563,TRUE,0.548638180788152,0.548631698972715,0.548653633827403,0.548652166875552,0.548651779886182,0.548652351311357,,,,,,,0.548652346081279,0.548652349507969,0.203867967257097,0.20388106941417,0.203872458771387,0.20387300577394,0.203871478013068,0.203872003437404,,,,,,,0.203872003869065,0.203872003026121,0,0,0,0,0,0,9999,9999,9999,9999,9999,9999,0,2,-12.0167609297814,-12.0167609034863,-12.0167609421614,-12.0167609421049,-12.016760942216,-12.0167609422743,8.98846567431158e+307,8.98846567431158e+307,8.98846567431158e+307,8.98846567431158e+307,8.98846567431158e+307,8.98846567431158e+307,-12.0167609422743,-12.0167609422743,TRUE,TRUE,TRUE,TRUE,TRUE,TRUE,,,,,,,TRUE,TRUE,TRUE,TRUE,TRUE,TRUE,TRUE,TRUE,,,,,,,TRUE,TRUE,7,Nelder-Mead BFGS CG L-BFGS-B nlm nlminb Rcgmin,0.548652351311357,1,7,1,Nelder-Mead BFGS CG L-BFGS-B nlm nlminb Rcgmin Rvmmin,Nelder-Mead BFGS CG L-BFGS-B nlm nlminb Rcgmin,0.203872003437404,1,7,1,Nelder-Mead BFGS CG L-BFGS-B nlm nlminb Rcgmin Rvmmin,Nelder-Mead BFGS CG L-BFGS-B nlm nlminb Rcgmin,,36,12,24,0.333333333333333,Kassai 2019,All randomized,-0.304322315844237,0.737623080525636,0.367353244636851,0.0205862087360366,0.45982555395088,0.326876286516475,0.592774821385284,1.09379461488146e-07,smd,Not possible,Not possible,Inf,Inf,0.25032296319799,0.18644509859706,0.31420082779892,3.22015281994936e-07,top.psych,Top psychology,"",scraped,36,31,11,20,2013,36,0,0,FALSE,FALSE,TRUE,FALSE
pb_7,ltn-mle-sd,-1.00216450954564,0.647138806520282,3.47681965643432,0.668616170979689,-7.81660581689783,5.81227679780655,-0.663324808080983,1.95760242112155,TRUE,-1.00248091264369,-1.00216450954564,-0.70021192406649,-1.00255898457801,-1.0024821120638,-1.00248094191374,,,,,,,-1.00247945704498,-1.00248439037513,0.647209415196972,0.647138806520282,0.587953521773275,0.647211940096381,0.6471941312992,0.647193875217433,,,,,,,0.64719363261104,0.647194578131177,0,0,1,0,0,0,9999,9999,9999,9999,9999,9999,0,3,-4.29323631204579,-4.29323631479915,-4.28852693578809,-4.29323631901245,-4.29323631960779,-4.29323631960787,8.98846567431158e+307,8.98846567431158e+307,8.98846567431158e+307,8.98846567431158e+307,8.98846567431158e+307,8.98846567431158e+307,-4.29323631960788,-4.2932363196073,TRUE,TRUE,FALSE,TRUE,TRUE,TRUE,,,,,,,TRUE,TRUE,TRUE,TRUE,TRUE,TRUE,TRUE,TRUE,,,,,,,TRUE,TRUE,6,Nelder-Mead BFGS L-BFGS-B nlm nlminb Rcgmin,-1.00247945704498,0.875,6,1,Nelder-Mead BFGS L-BFGS-B nlm nlminb Rcgmin Rvmmin,Nelder-Mead BFGS L-BFGS-B nlm nlminb Rcgmin,0.64719363261104,0.875,6,1,Nelder-Mead BFGS L-BFGS-B nlm nlminb Rcgmin Rvmmin,Nelder-Mead BFGS L-BFGS-B nlm nlminb Rcgmin,,36,12,24,0.333333333333333,Kassai 2019,All randomized,-0.304322315844237,0.737623080525636,0.367353244636851,0.0205862087360366,0.45982555395088,0.326876286516475,0.592774821385284,1.09379461488146e-07,smd,Not possible,Not possible,Inf,Inf,0.25032296319799,0.18644509859706,0.31420082779892,3.22015281994936e-07,top.psych,Top psychology,"",scraped,36,31,11,20,2013,36,0,0,FALSE,FALSE,TRUE,FALSE
